,symbol,date,open,high,low,close,volume,market,name,ranknow
18412,USDT,2015-02-25,1.21,1.22,1.21,1.21,6,304476,Tether,28
18413,USDT,2015-02-26,1.21,1.21,1.19,1.21,6,304542,Tether,28
18414,USDT,2015-03-02,0.571249,0.60789,0.568314,0.606502,3,143726,Tether,28
18415,USDT,2015-03-03,0.605129,0.606229,0.604416,0.606229,3,152250,Tether,28
18416,USDT,2015-03-06,1.0,1.0,1.0,1.0,93,251600,Tether,28
18417,USDT,2015-03-07,1.0,1.0,1.0,1.0,58197,251600,Tether,28
18418,USDT,2015-03-08,1.0,1.0,1.0,1.0,31,251600,Tether,28
18419,USDT,2015-03-09,1.0,1.0,1.0,1.0,143,251600,Tether,28
18420,USDT,2015-03-10,1.0,1.0,1.0,1.0,49997,251600,Tether,28
18421,USDT,2015-03-11,1.0,1.0,1.0,1.0,49,251600,Tether,28
18422,USDT,2015-03-12,1.0,1.0,1.0,1.0,80418,251600,Tether,28
18423,USDT,2015-03-13,1.0,1.0,1.0,1.0,75,251600,Tether,28
18424,USDT,2015-03-14,1.0,1.0,1.0,1.0,17705,251600,Tether,28
18425,USDT,2015-03-15,1.0,1.0,1.0,1.0,15125,251600,Tether,28
18426,USDT,2015-03-16,1.0,1.0,1.0,1.0,49632,251600,Tether,28
18427,USDT,2015-03-17,1.0,1.0,1.0,1.0,4284,251600,Tether,28
18428,USDT,2015-03-18,1.0,1.0,1.0,1.0,202,251600,Tether,28
18429,USDT,2015-03-19,1.0,1.0,1.0,1.0,714,251600,Tether,28
18430,USDT,2015-03-20,1.0,1.0,1.0,1.0,133,251600,Tether,28
18431,USDT,2015-03-21,1.0,1.0,1.0,1.0,206,251600,Tether,28
18432,USDT,2015-03-22,1.0,1.0,1.0,1.0,67,251600,Tether,28
18433,USDT,2015-03-23,1.0,1.0,1.0,1.0,66,251600,Tether,28
18434,USDT,2015-03-24,1.0,1.0,1.0,1.0,1179,251600,Tether,28
18435,USDT,2015-03-25,1.0,1.0,1.0,1.0,92,251600,Tether,28
18436,USDT,2015-03-26,1.0,1.0,1.0,1.0,2,251600,Tether,28
18437,USDT,2015-03-27,1.0,1.0,1.0,1.0,5,251600,Tether,28
18438,USDT,2015-03-28,1.0,1.0,1.0,1.0,17,251600,Tether,28
18439,USDT,2015-03-29,1.0,1.0,1.0,1.0,21,251600,Tether,28
18440,USDT,2015-03-30,1.0,1.0,1.0,1.0,495,251600,Tether,28
18441,USDT,2015-03-31,1.0,1.0,1.0,1.0,37,251600,Tether,28
18442,USDT,2015-04-01,1.0,1.0,1.0,1.0,14,251600,Tether,28
18443,USDT,2015-04-02,1.0,1.0,1.0,1.0,79970,251600,Tether,28
18444,USDT,2015-04-03,1.0,1.0,1.0,1.0,8887,251600,Tether,28
18445,USDT,2015-04-04,1.0,1.0,1.0,1.0,2018,251600,Tether,28
18446,USDT,2015-04-05,1.0,1.0,1.0,1.0,2887,251600,Tether,28
18447,USDT,2015-04-06,1.0,1.0,1.0,1.0,254,251600,Tether,28
18448,USDT,2015-04-07,1.0,1.0,1.0,1.0,19179,251600,Tether,28
18449,USDT,2015-04-08,1.0,1.0,1.0,1.0,1024,251600,Tether,28
18450,USDT,2015-04-09,1.0,1.0,1.0,1.0,100949,251600,Tether,28
18451,USDT,2015-04-10,1.0,1.0,1.0,1.0,470,251600,Tether,28
18452,USDT,2015-04-11,1.0,1.0,1.0,1.0,2869,251600,Tether,28
18453,USDT,2015-04-12,1.0,1.0,1.0,1.0,1971,251600,Tether,28
18454,USDT,2015-04-13,1.0,1.0,1.0,1.0,46026,251600,Tether,28
18455,USDT,2015-04-14,1.0,1.0,1.0,1.0,50324,251600,Tether,28
18456,USDT,2015-04-15,1.0,1.0,1.0,1.0,40700,251600,Tether,28
18457,USDT,2015-04-16,1.0,1.0,1.0,1.0,46909,251600,Tether,28
18458,USDT,2015-04-17,1.0,1.0,1.0,1.0,50,251600,Tether,28
18459,USDT,2015-04-18,1.0,1.0,1.0,1.0,49,251600,Tether,28
18460,USDT,2015-04-19,1.0,1.0,1.0,1.0,22,251600,Tether,28
18461,USDT,2015-04-20,1.0,1.0,1.0,1.0,38,251600,Tether,28
18462,USDT,2015-04-21,1.0,1.0,1.0,1.0,85933,251600,Tether,28
18463,USDT,2015-04-22,1.0,1.0,1.0,1.0,40306,251600,Tether,28
18464,USDT,2015-04-23,1.0,1.0,1.0,1.0,21632,251600,Tether,28
18465,USDT,2015-04-24,1.0,1.0,1.0,1.0,20262,251600,Tether,28
18466,USDT,2015-04-25,1.0,1.0,1.0,1.0,26,251600,Tether,28
18467,USDT,2015-04-26,1.0,1.0,1.0,1.0,555,251600,Tether,28
18468,USDT,2015-04-27,1.0,1.0,1.0,1.0,17806,251600,Tether,28
18469,USDT,2015-04-28,1.0,1.0,1.0,1.0,42628,251600,Tether,28
18470,USDT,2015-04-29,1.0,1.0,1.0,1.0,12,251600,Tether,28
18471,USDT,2015-04-30,1.0,1.0,1.0,1.0,613,251600,Tether,28
18472,USDT,2015-05-01,1.0,1.0,1.0,1.0,48,251600,Tether,28
18473,USDT,2015-05-02,1.0,1.0,1.0,1.0,4,251600,Tether,28
18474,USDT,2015-05-03,1.0,1.0,1.0,1.0,1518,251600,Tether,28
18475,USDT,2015-05-04,1.0,1.0,1.0,1.0,83171,251600,Tether,28
18476,USDT,2015-05-05,1.0,1.0,1.0,1.0,21,251600,Tether,28
18477,USDT,2015-05-06,1.0,1.0,1.0,1.0,10,251600,Tether,28
18478,USDT,2015-05-07,1.0,1.0,1.0,1.0,120,251600,Tether,28
18479,USDT,2015-05-08,1.0,1.0,1.0,1.0,546,251600,Tether,28
18480,USDT,2015-05-09,1.0,1.0,1.0,1.0,171,251600,Tether,28
18481,USDT,2015-05-10,1.0,1.0,1.0,1.0,2466,251600,Tether,28
18482,USDT,2015-05-11,1.0,1.0,1.0,1.0,584,251600,Tether,28
18483,USDT,2015-05-12,1.0,1.0,1.0,1.0,5,251600,Tether,28
18484,USDT,2015-05-13,1.0,1.0,1.0,1.0,0,251600,Tether,28
18485,USDT,2015-05-14,1.0,1.0,1.0,1.0,2185,251600,Tether,28
18486,USDT,2015-05-15,1.0,1.0,1.0,1.0,92,251600,Tether,28
18487,USDT,2015-05-16,1.0,1.0,1.0,1.0,297,251600,Tether,28
18488,USDT,2015-05-17,1.0,1.0,1.0,1.0,683,251600,Tether,28
18489,USDT,2015-05-18,1.0,1.0,1.0,1.0,31,251600,Tether,28
18490,USDT,2015-05-19,1.0,1.0,1.0,1.0,25359,451600,Tether,28
18491,USDT,2015-05-20,1.0,1.0,1.0,1.0,21979,451600,Tether,28
18492,USDT,2015-05-21,1.0,1.0,1.0,1.0,53849,451600,Tether,28
18493,USDT,2015-05-22,1.0,1.0,1.0,1.0,20209,451600,Tether,28
18494,USDT,2015-05-23,1.0,1.0,1.0,1.0,30,451600,Tether,28
18495,USDT,2015-05-24,1.0,1.0,1.0,1.0,5382,451600,Tether,28
18496,USDT,2015-05-25,1.0,1.0,1.0,1.0,2846,451600,Tether,28
18497,USDT,2015-05-26,1.0,1.0,1.0,1.0,1244,451600,Tether,28
18498,USDT,2015-05-27,1.0,1.0,1.0,1.0,28002,451600,Tether,28
18499,USDT,2015-05-28,1.0,1.0,1.0,1.0,70612,451600,Tether,28
18500,USDT,2015-05-29,1.0,1.0,1.0,1.0,16640,451600,Tether,28
18501,USDT,2015-05-30,1.0,1.0,1.0,1.0,12448,451600,Tether,28
18502,USDT,2015-05-31,1.0,1.0,1.0,1.0,2522,451600,Tether,28
18503,USDT,2015-06-01,1.0,1.0,1.0,1.0,40887,451600,Tether,28
18504,USDT,2015-06-02,1.0,1.0,1.0,1.0,75456,451600,Tether,28
18505,USDT,2015-06-03,1.0,1.0,1.0,1.0,24994,451600,Tether,28
18506,USDT,2015-06-04,1.0,1.0,1.0,1.0,152,451600,Tether,28
18507,USDT,2015-06-05,1.0,1.0,1.0,1.0,22,451600,Tether,28
18508,USDT,2015-06-06,1.0,1.0,1.0,1.0,30,451600,Tether,28
18509,USDT,2015-06-07,1.0,1.0,1.0,1.0,1547,451600,Tether,28
18510,USDT,2015-06-08,1.0,1.0,1.0,1.0,126,451600,Tether,28
18511,USDT,2015-06-09,1.0,1.0,1.0,1.0,323,451600,Tether,28
18512,USDT,2015-06-10,1.0,1.0,1.0,1.0,45551,451600,Tether,28
18513,USDT,2015-06-11,1.0,1.0,1.0,1.0,50162,451600,Tether,28
18514,USDT,2015-06-12,1.0,1.0,1.0,1.0,41981,451600,Tether,28
18515,USDT,2015-06-13,1.0,1.0,1.0,1.0,1636,451600,Tether,28
18516,USDT,2015-06-14,1.0,1.0,1.0,1.0,1349,451600,Tether,28
18517,USDT,2015-06-15,1.0,1.0,1.0,1.0,262077,451600,Tether,28
18518,USDT,2015-06-16,1.0,1.0,1.0,1.0,204282,451600,Tether,28
18519,USDT,2015-06-17,1.0,1.0,1.0,1.0,7822,451600,Tether,28
18520,USDT,2015-06-18,1.0,1.0,1.0,1.0,33804,451600,Tether,28
18521,USDT,2015-06-19,1.0,1.0,1.0,1.0,10983,451600,Tether,28
18522,USDT,2015-06-20,1.0,1.0,1.0,1.0,2424,451600,Tether,28
18523,USDT,2015-06-21,1.0,1.0,1.0,1.0,371,451600,Tether,28
18524,USDT,2015-06-22,1.0,1.0,1.0,1.0,404,451600,Tether,28
18525,USDT,2015-06-23,1.0,1.0,1.0,1.0,19973,451600,Tether,28
18526,USDT,2015-06-24,1.0,1.0,1.0,1.0,633456,451600,Tether,28
18527,USDT,2015-06-25,1.0,1.0,1.0,1.0,63845,451600,Tether,28
18528,USDT,2015-06-26,1.0,1.0,1.0,1.0,3129,451600,Tether,28
18529,USDT,2015-06-27,1.0,1.0,1.0,1.0,668536,451600,Tether,28
18530,USDT,2015-06-28,1.0,1.0,1.0,1.0,409,451600,Tether,28
18531,USDT,2015-06-29,1.0,1.0,1.0,1.0,3121,451600,Tether,28
18532,USDT,2015-06-30,1.0,1.0,1.0,1.0,472575,451600,Tether,28
18533,USDT,2015-07-01,1.0,1.0,1.0,1.0,110325,451600,Tether,28
18534,USDT,2015-07-02,1.0,1.0,1.0,1.0,1436,451600,Tether,28
18535,USDT,2015-07-03,1.0,1.0,1.0,1.0,14061,451600,Tether,28
18536,USDT,2015-07-04,1.0,1.0,1.0,1.0,100,451600,Tether,28
18537,USDT,2015-07-05,1.0,1.0,1.0,1.0,8107,451600,Tether,28
18538,USDT,2015-07-06,1.0,1.0,1.0,1.0,652389,451600,Tether,28
18539,USDT,2015-07-07,1.0,1.0,1.0,1.0,34946,451600,Tether,28
18540,USDT,2015-07-08,1.0,1.0,1.0,1.0,1633,451600,Tether,28
18541,USDT,2015-07-09,1.0,1.0,1.0,1.0,516,451600,Tether,28
18542,USDT,2015-07-10,1.0,1.0,1.0,1.0,1065,451600,Tether,28
18543,USDT,2015-07-11,1.0,1.0,1.0,1.0,1622,451600,Tether,28
18544,USDT,2015-07-12,1.0,1.0,1.0,1.0,3187,451600,Tether,28
18545,USDT,2015-07-13,1.0,1.0,1.0,1.0,242557,451600,Tether,28
18546,USDT,2015-07-14,1.0,1.0,1.0,1.0,31442,451600,Tether,28
18547,USDT,2015-07-15,1.0,1.0,1.0,1.0,1132,451600,Tether,28
18548,USDT,2015-07-16,1.0,1.0,1.0,1.0,33532,451600,Tether,28
18549,USDT,2015-07-17,1.0,1.0,1.0,1.0,665897,451600,Tether,28
18550,USDT,2015-07-18,1.0,1.0,1.0,1.0,50532,451600,Tether,28
18551,USDT,2015-07-19,1.0,1.0,1.0,1.0,2709,451600,Tether,28
18552,USDT,2015-07-20,1.0,1.0,1.0,1.0,659,451600,Tether,28
18553,USDT,2015-07-21,1.0,1.0,1.0,1.0,5796,451600,Tether,28
18554,USDT,2015-07-22,1.0,1.0,1.0,1.0,507,451600,Tether,28
18555,USDT,2015-07-23,1.0,1.0,1.0,1.0,4234,451600,Tether,28
18556,USDT,2015-07-24,1.0,1.0,1.0,1.0,32140,451600,Tether,28
18557,USDT,2015-07-25,1.0,1.0,1.0,1.0,521,451600,Tether,28
18558,USDT,2015-07-26,1.0,1.0,1.0,1.0,25,451600,Tether,28
18559,USDT,2015-07-27,1.0,1.0,1.0,1.0,2251,451600,Tether,28
18560,USDT,2015-07-28,1.0,1.0,1.0,1.0,50303,451600,Tether,28
18561,USDT,2015-07-29,1.0,1.0,1.0,1.0,404935,451600,Tether,28
18562,USDT,2015-07-30,1.0,1.0,1.0,1.0,28285,451600,Tether,28
18563,USDT,2015-07-31,1.0,1.0,1.0,1.0,110,451600,Tether,28
18564,USDT,2015-08-01,1.0,1.0,1.0,1.0,1766,451600,Tether,28
18565,USDT,2015-08-02,1.0,1.0,1.0,1.0,4443,451600,Tether,28
18566,USDT,2015-08-03,1.0,1.0,1.0,1.0,258279,451600,Tether,28
18567,USDT,2015-08-04,1.0,1.0,1.0,1.0,4182,451600,Tether,28
18568,USDT,2015-08-05,1.0,1.0,1.0,1.0,11013,451600,Tether,28
18569,USDT,2015-08-06,1.0,1.0,1.0,1.0,15979,451600,Tether,28
18570,USDT,2015-08-07,1.0,1.0,1.0,1.0,189055,451600,Tether,28
18571,USDT,2015-08-08,1.0,1.0,1.0,1.0,2229,451600,Tether,28
18572,USDT,2015-08-09,1.0,1.0,1.0,1.0,657,451600,Tether,28
18573,USDT,2015-08-10,1.0,1.0,1.0,1.0,152265,451600,Tether,28
18574,USDT,2015-08-11,1.0,1.0,1.0,1.0,526,451600,Tether,28
18575,USDT,2015-08-12,1.0,1.0,1.0,1.0,1602,451600,Tether,28
18576,USDT,2015-08-13,1.0,1.0,1.0,1.0,1521,451600,Tether,28
18577,USDT,2015-08-14,1.0,1.0,1.0,1.0,2346,451600,Tether,28
18578,USDT,2015-08-15,1.0,1.0,1.0,1.0,4232,451600,Tether,28
18579,USDT,2015-08-16,1.0,1.0,1.0,1.0,1644,451600,Tether,28
18580,USDT,2015-08-17,1.0,1.0,1.0,1.0,20942,451600,Tether,28
18581,USDT,2015-08-18,1.0,1.0,1.0,1.0,65246,451600,Tether,28
18582,USDT,2015-08-19,1.0,1.0,1.0,1.0,157207,451600,Tether,28
18583,USDT,2015-08-20,1.0,1.0,1.0,1.0,2841,451600,Tether,28
18584,USDT,2015-08-21,1.0,1.0,1.0,1.0,5957,451600,Tether,28
18585,USDT,2015-08-22,1.0,1.0,1.0,1.0,1296,451600,Tether,28
18586,USDT,2015-08-23,1.0,1.0,1.0,1.0,2275,451600,Tether,28
18587,USDT,2015-08-24,1.0,1.0,1.0,1.0,73637,451600,Tether,28
18588,USDT,2015-08-25,1.0,1.0,1.0,1.0,433444,451600,Tether,28
18589,USDT,2015-08-26,1.0,1.0,1.0,1.0,1643,451600,Tether,28
18590,USDT,2015-08-27,1.0,1.0,1.0,1.0,2446,451600,Tether,28
18591,USDT,2015-08-28,1.0,1.0,1.0,1.0,6213,451600,Tether,28
18592,USDT,2015-08-29,1.0,1.0,1.0,1.0,1207,451600,Tether,28
18593,USDT,2015-08-30,1.0,1.0,1.0,1.0,3319,451600,Tether,28
18594,USDT,2015-08-31,1.0,1.0,1.0,1.0,7022,451600,Tether,28
18595,USDT,2015-09-01,1.0,1.0,1.0,1.0,6136,451600,Tether,28
18596,USDT,2015-09-02,1.0,1.0,1.0,1.0,1710,451600,Tether,28
18597,USDT,2015-09-03,1.0,1.0,1.0,1.0,890,451600,Tether,28
18598,USDT,2015-09-04,1.0,1.0,1.0,1.0,672,451600,Tether,28
18599,USDT,2015-09-05,1.0,1.0,1.0,1.0,13467,451600,Tether,28
18600,USDT,2015-09-06,1.0,1.0,1.0,1.0,17951,451600,Tether,28
18601,USDT,2015-09-07,1.0,1.0,1.0,1.0,22316,451600,Tether,28
18602,USDT,2015-09-08,1.0,1.0,1.0,1.0,2963,451600,Tether,28
18603,USDT,2015-09-09,1.0,1.0,1.0,1.0,106307,451600,Tether,28
18604,USDT,2015-09-10,1.0,1.0,1.0,1.0,9265,451600,Tether,28
18605,USDT,2015-09-11,1.0,1.0,1.0,1.0,29213,451600,Tether,28
18606,USDT,2015-09-12,1.0,1.0,1.0,1.0,4331,451600,Tether,28
18607,USDT,2015-09-13,1.0,1.0,1.0,1.0,696,451600,Tether,28
18608,USDT,2015-09-14,1.0,1.0,1.0,1.0,228,451600,Tether,28
18609,USDT,2015-09-15,1.0,1.0,1.0,1.0,71982,451600,Tether,28
18610,USDT,2015-09-16,1.0,1.0,1.0,1.0,52821,451600,Tether,28
18611,USDT,2015-09-17,1.0,1.0,1.0,1.0,28268,451600,Tether,28
18612,USDT,2015-09-18,1.0,1.0,1.0,1.0,15624,451600,Tether,28
18613,USDT,2015-09-19,1.0,1.0,1.0,1.0,821,451600,Tether,28
18614,USDT,2015-09-20,1.0,1.0,1.0,1.0,112,451600,Tether,28
18615,USDT,2015-09-21,1.0,1.0,1.0,1.0,9470,451600,Tether,28
18616,USDT,2015-09-22,1.0,1.0,1.0,1.0,19998,451600,Tether,28
18617,USDT,2015-09-23,1.0,1.0,1.0,1.0,5751,451600,Tether,28
18618,USDT,2015-09-24,1.0,1.0,1.0,1.0,103489,451600,Tether,28
18619,USDT,2015-09-25,1.0,1.0,1.0,1.0,608,451600,Tether,28
18620,USDT,2015-09-26,1.0,1.0,1.0,1.0,528,451600,Tether,28
18621,USDT,2015-09-27,1.0,1.0,1.0,1.0,1998,451600,Tether,28
18622,USDT,2015-09-28,1.0,1.0,1.0,1.0,394927,451600,Tether,28
18623,USDT,2015-09-29,1.0,1.0,1.0,1.0,419071,451600,Tether,28
18624,USDT,2015-09-30,1.0,1.0,1.0,1.0,142982,451600,Tether,28
18625,USDT,2015-10-01,1.0,1.0,1.0,1.0,178994,451600,Tether,28
18626,USDT,2015-10-02,1.0,1.0,1.0,1.0,14619,451600,Tether,28
18627,USDT,2015-10-03,1.0,1.0,1.0,1.0,368077,451600,Tether,28
18628,USDT,2015-10-04,1.0,1.0,1.0,1.0,3459,451600,Tether,28
18629,USDT,2015-10-05,1.0,1.0,1.0,1.0,17654,451600,Tether,28
18630,USDT,2015-10-06,1.0,1.0,1.0,1.0,55914,451600,Tether,28
18631,USDT,2015-10-07,1.0,1.0,1.0,1.0,8055,451600,Tether,28
18632,USDT,2015-10-08,1.0,1.0,1.0,1.0,5197,451600,Tether,28
18633,USDT,2015-10-09,1.0,1.0,1.0,1.0,1830,451600,Tether,28
18634,USDT,2015-10-10,1.0,1.0,1.0,1.0,117,451600,Tether,28
18635,USDT,2015-10-11,1.0,1.0,1.0,1.0,47946,451600,Tether,28
18636,USDT,2015-10-12,1.0,1.0,1.0,1.0,25978,451600,Tether,28
18637,USDT,2015-10-13,1.0,1.0,1.0,1.0,122426,451600,Tether,28
18638,USDT,2015-10-14,1.0,1.0,1.0,1.0,10378,451600,Tether,28
18639,USDT,2015-10-15,1.0,1.0,1.0,1.0,98815,451600,Tether,28
18640,USDT,2015-10-16,1.0,1.0,1.0,1.0,37796,451600,Tether,28
18641,USDT,2015-10-17,1.0,1.0,1.0,1.0,3697,451600,Tether,28
18642,USDT,2015-10-18,1.0,1.0,1.0,1.0,3108,451600,Tether,28
18643,USDT,2015-10-19,1.0,1.0,1.0,1.0,6589,451600,Tether,28
18644,USDT,2015-10-20,1.0,1.0,1.0,1.0,30335,451600,Tether,28
18645,USDT,2015-10-21,1.0,1.0,1.0,1.0,42472,451600,Tether,28
18646,USDT,2015-10-22,1.0,1.0,1.0,1.0,76061,451600,Tether,28
18647,USDT,2015-10-23,1.0,1.0,1.0,1.0,115132,451600,Tether,28
18648,USDT,2015-10-24,1.0,1.0,1.0,1.0,73679,451600,Tether,28
18649,USDT,2015-10-25,1.0,1.0,1.0,1.0,191596,451600,Tether,28
18650,USDT,2015-10-26,1.0,1.0,1.0,1.0,40692,451600,Tether,28
18651,USDT,2015-10-27,1.0,1.0,1.0,1.0,51400,451600,Tether,28
18652,USDT,2015-10-28,1.0,1.0,1.0,1.0,64488,451600,Tether,28
18653,USDT,2015-10-29,1.0,1.0,1.0,1.0,227491,451600,Tether,28
18654,USDT,2015-10-30,1.0,1.0,1.0,1.0,26909,451600,Tether,28
18655,USDT,2015-10-31,1.0,1.0,1.0,1.0,26367,451600,Tether,28
18656,USDT,2015-11-01,1.0,1.0,1.0,1.0,4506,451600,Tether,28
18657,USDT,2015-11-02,1.0,1.0,1.0,1.0,15845,451600,Tether,28
18658,USDT,2015-11-03,1.0,1.0,1.0,1.0,90103,451600,Tether,28
18659,USDT,2015-11-04,1.0,1.0,1.0,1.0,181021,451600,Tether,28
18660,USDT,2015-11-05,1.0,1.0,1.0,1.0,226537,451600,Tether,28
18661,USDT,2015-11-06,1.0,1.0,1.0,1.0,372540,451600,Tether,28
18662,USDT,2015-11-07,1.0,1.0,1.0,1.0,999501,451600,Tether,28
18663,USDT,2015-11-08,1.0,1.0,1.0,1.0,143097,451600,Tether,28
18664,USDT,2015-11-09,1.0,1.0,1.0,1.0,18568,451600,Tether,28
18665,USDT,2015-11-10,1.0,1.0,1.0,1.0,14722,451600,Tether,28
18666,USDT,2015-11-11,1.0,1.0,1.0,1.0,34324,451600,Tether,28
18667,USDT,2015-11-12,1.0,1.0,1.0,1.0,34994,451600,Tether,28
18668,USDT,2015-11-13,1.0,1.0,1.0,1.0,49617,451600,Tether,28
18669,USDT,2015-11-14,1.0,1.0,1.0,1.0,28995,451600,Tether,28
18670,USDT,2015-11-15,1.0,1.0,1.0,1.0,33393,451600,Tether,28
18671,USDT,2015-11-16,1.0,1.0,1.0,1.0,10553,451600,Tether,28
18672,USDT,2015-11-17,1.0,1.0,1.0,1.0,25693,451600,Tether,28
18673,USDT,2015-11-18,1.0,1.0,1.0,1.0,6058,451600,Tether,28
18674,USDT,2015-11-19,1.0,1.0,1.0,1.0,18891,451600,Tether,28
18675,USDT,2015-11-20,1.0,1.0,1.0,1.0,10003,451600,Tether,28
18676,USDT,2015-11-21,1.0,1.0,1.0,1.0,6456,451600,Tether,28
18677,USDT,2015-11-22,1.0,1.0,1.0,1.0,5443,451600,Tether,28
18678,USDT,2015-11-23,1.0,1.0,1.0,1.0,25499,451600,Tether,28
18679,USDT,2015-11-24,1.0,1.0,1.0,1.0,11121,451600,Tether,28
18680,USDT,2015-11-25,1.0,1.0,1.0,1.0,6875,451600,Tether,28
18681,USDT,2015-11-26,1.0,1.0,1.0,1.0,20800,451600,Tether,28
18682,USDT,2015-11-27,1.0,1.0,1.0,1.0,8253,451600,Tether,28
18683,USDT,2015-11-28,1.0,1.0,1.0,1.0,22508,451600,Tether,28
18684,USDT,2015-11-29,1.0,1.0,1.0,1.0,134696,451600,Tether,28
18685,USDT,2015-11-30,1.0,1.0,1.0,1.0,659724,451600,Tether,28
18686,USDT,2015-12-01,1.0,1.0,0.999993,0.999993,129772,451600,Tether,28
18687,USDT,2015-12-02,0.999994,1.0,0.999988,1.0,195747,951594,Tether,28
18688,USDT,2015-12-03,1.0,1.0,1.0,1.0,141337,951600,Tether,28
18689,USDT,2015-12-04,1.0,1.0,1.0,1.0,7738,951600,Tether,28
18690,USDT,2015-12-05,1.0,1.0,1.0,1.0,21568,951600,Tether,28
18691,USDT,2015-12-06,1.0,1.0,1.0,1.0,220143,951600,Tether,28
18692,USDT,2015-12-07,1.0,1.0,1.0,1.0,11224,951600,Tether,28
18693,USDT,2015-12-08,1.0,1.0,1.0,1.0,9504,951600,Tether,28
18694,USDT,2015-12-09,1.0,1.0,1.0,1.0,17421,951762,Tether,28
18695,USDT,2015-12-10,1.0,1.0,1.0,1.0,23195,951667,Tether,28
18696,USDT,2015-12-11,1.0,1.0,1.0,1.0,102209,951600,Tether,28
18697,USDT,2015-12-12,1.0,1.0,1.0,1.0,39261,951600,Tether,28
18698,USDT,2015-12-13,1.0,1.0,1.0,1.0,13796,951600,Tether,28
18699,USDT,2015-12-14,1.0,1.0,1.0,1.0,8173,951600,Tether,28
18700,USDT,2015-12-15,1.0,1.0,1.0,1.0,22210,951600,Tether,28
18701,USDT,2015-12-16,1.0,1.0,1.0,1.0,143155,951600,Tether,28
18702,USDT,2015-12-17,1.0,1.0,1.0,1.0,2226,951600,Tether,28
18703,USDT,2015-12-18,1.0,1.0,1.0,1.0,6493,951600,Tether,28
18704,USDT,2015-12-19,1.0,1.0,1.0,1.0,23202,951600,Tether,28
18705,USDT,2015-12-20,1.0,1.0,1.0,1.0,16100,951600,Tether,28
18706,USDT,2015-12-21,1.0,1.0,0.999848,0.999864,18913,951600,Tether,28
18707,USDT,2015-12-22,0.999864,0.999892,0.999454,0.999801,10915,951471,Tether,28
18708,USDT,2015-12-23,0.999805,1.0,0.999805,1.0,66711,951414,Tether,28
18709,USDT,2015-12-24,1.0,1.0,1.0,1.0,91078,951600,Tether,28
18710,USDT,2015-12-25,1.0,1.0,1.0,1.0,618112,951600,Tether,28
18711,USDT,2015-12-26,1.0,1.0,1.0,1.0,15305,951600,Tether,28
18712,USDT,2015-12-27,1.0,1.0,1.0,1.0,26317,951600,Tether,28
18713,USDT,2015-12-28,1.0,1.0,1.0,1.0,82323,951600,Tether,28
18714,USDT,2015-12-29,1.0,1.0,1.0,1.0,14115,951600,Tether,28
18715,USDT,2015-12-30,1.0,1.0,1.0,1.0,7389,951600,Tether,28
18716,USDT,2015-12-31,1.0,1.0,1.0,1.0,6995,951600,Tether,28
18717,USDT,2016-01-01,1.0,1.0,1.0,1.0,4876,951600,Tether,28
18718,USDT,2016-01-02,1.0,1.0,1.0,1.0,4701,951600,Tether,28
18719,USDT,2016-01-03,1.0,1.0,1.0,1.0,1389,951600,Tether,28
18720,USDT,2016-01-04,1.0,1.0,1.0,1.0,81182,951600,Tether,28
18721,USDT,2016-01-05,1.0,1.0,1.0,1.0,1350,951600,Tether,28
18722,USDT,2016-01-06,1.0,1.0,1.0,1.0,541019,951838,Tether,28
18723,USDT,2016-01-07,1.0,1.0,1.0,1.0,25544,1451600,Tether,28
18724,USDT,2016-01-08,1.0,1.0,1.0,1.0,13420,1451600,Tether,28
18725,USDT,2016-01-09,1.0,1.0,1.0,1.0,3359,1451600,Tether,28
18726,USDT,2016-01-10,1.0,1.0,1.0,1.0,66196,1451600,Tether,28
18727,USDT,2016-01-11,1.0,1.0,1.0,1.0,118900,1451600,Tether,28
18728,USDT,2016-01-12,1.0,1.0,1.0,1.0,11714,1451600,Tether,28
18729,USDT,2016-01-13,1.0,1.0,1.0,1.0,9873,1451600,Tether,28
18730,USDT,2016-01-14,1.0,1.0,1.0,1.0,20292,1452270,Tether,28
18731,USDT,2016-01-15,1.0,1.0,1.0,1.0,95995,1451600,Tether,28
18732,USDT,2016-01-16,1.0,1.0,0.999692,1.0,74254,1451600,Tether,28
18733,USDT,2016-01-17,1.0,1.0,1.0,1.0,17361,1452170,Tether,28
18734,USDT,2016-01-18,1.0,1.0,1.0,1.0,160834,1451600,Tether,28
18735,USDT,2016-01-19,1.0,1.0,1.0,1.0,9857,1451600,Tether,28
18736,USDT,2016-01-20,1.0,1.0,1.0,1.0,17069,1451600,Tether,28
18737,USDT,2016-01-21,1.0,1.0,1.0,1.0,35772,1451600,Tether,28
18738,USDT,2016-01-22,1.0,1.0,1.0,1.0,26682,1451600,Tether,28
18739,USDT,2016-01-23,1.0,1.0,1.0,1.0,28438,1451700,Tether,28
18740,USDT,2016-01-24,1.0,1.0,1.0,1.0,21139,1451770,Tether,28
18741,USDT,2016-01-25,1.0,1.0,1.0,1.0,44570,1451610,Tether,28
18742,USDT,2016-01-26,1.0,1.0,1.0,1.0,69162,1451610,Tether,28
18743,USDT,2016-01-27,1.0,1.0,1.0,1.0,37598,1451600,Tether,28
18744,USDT,2016-01-28,1.0,1.0,0.999926,0.999999,155498,1451600,Tether,28
18745,USDT,2016-01-29,0.999999,1.0,0.999976,0.999978,73399,1451600,Tether,28
18746,USDT,2016-01-30,0.999978,1.0,0.999968,1.0,6307,1451570,Tether,28
18747,USDT,2016-01-31,1.0,1.0,0.999999,0.999999,10385,1451600,Tether,28
18748,USDT,2016-02-01,0.999999,1.0,0.999701,0.999969,76317,1451600,Tether,28
18749,USDT,2016-02-02,0.999969,1.0,0.999969,1.0,7113,1451560,Tether,28
18750,USDT,2016-02-03,1.0,1.0,1.0,1.0,104733,1451600,Tether,28
18751,USDT,2016-02-04,1.0,1.0,1.0,1.0,150392,1451600,Tether,28
18752,USDT,2016-02-05,1.0,1.0,1.0,1.0,97341,1451600,Tether,28
18753,USDT,2016-02-06,1.0,1.0,1.0,1.0,715070,1451600,Tether,28
18754,USDT,2016-02-07,1.0,1.0,1.0,1.0,27176,1451600,Tether,28
18755,USDT,2016-02-08,1.0,1.0,1.0,1.0,36002,1451600,Tether,28
18756,USDT,2016-02-09,1.0,1.0,1.0,1.0,36351,1451600,Tether,28
18757,USDT,2016-02-10,1.0,1.0,1.0,1.0,125936,1451600,Tether,28
18758,USDT,2016-02-11,1.0,1.0,1.0,1.0,65354,1451600,Tether,28
18759,USDT,2016-02-12,1.0,1.0,1.0,1.0,407856,1451600,Tether,28
18760,USDT,2016-02-13,1.0,1.0,1.0,1.0,98085,1451600,Tether,28
18761,USDT,2016-02-14,1.0,1.0,0.999664,1.0,52365,1451600,Tether,28
18762,USDT,2016-02-15,1.0,1.0,1.0,1.0,95454,1452860,Tether,28
18763,USDT,2016-02-16,1.0,1.0,1.0,1.0,58641,1451610,Tether,28
18764,USDT,2016-02-17,1.0,1.0,1.0,1.0,169298,1451610,Tether,28
18765,USDT,2016-02-18,1.0,1.0,1.0,1.0,71827,1451600,Tether,28
18766,USDT,2016-02-19,1.0,1.0,1.0,1.0,50866,1451600,Tether,28
18767,USDT,2016-02-20,1.0,1.0,1.0,1.0,57051,1451600,Tether,28
18768,USDT,2016-02-21,1.0,1.0,1.0,1.0,55018,1451600,Tether,28
18769,USDT,2016-02-22,1.0,1.0,1.0,1.0,46520,1451600,Tether,28
18770,USDT,2016-02-23,1.0,1.0,1.0,1.0,107259,1451600,Tether,28
18771,USDT,2016-02-24,1.0,1.0,0.999844,0.999844,85160,1451600,Tether,28
18772,USDT,2016-02-25,0.999844,1.0,0.999749,1.0,433922,1451370,Tether,28
18773,USDT,2016-02-26,1.0,1.0,1.0,1.0,102891,1451600,Tether,28
18774,USDT,2016-02-27,1.0,1.0,1.0,1.0,96721,1451600,Tether,28
18775,USDT,2016-02-28,1.0,1.0,1.0,1.0,114084,1451600,Tether,28
18776,USDT,2016-02-29,1.0,1.0,1.0,1.0,77532,1451600,Tether,28
18777,USDT,2016-03-01,1.0,1.0,0.999981,0.999991,143221,1451630,Tether,28
18778,USDT,2016-03-02,0.999991,0.999994,0.999962,0.999962,61533,1451590,Tether,28
18779,USDT,2016-03-03,0.999961,0.999999,0.999953,0.999999,179492,1451540,Tether,28
18780,USDT,2016-03-04,0.999999,1.0,0.999999,1.0,150575,1451600,Tether,28
18781,USDT,2016-03-05,1.0,1.0,1.0,1.0,354905,1451600,Tether,28
18782,USDT,2016-03-06,1.0,1.0,0.999996,0.999998,279531,1451600,Tether,28
18783,USDT,2016-03-07,0.999998,0.999998,0.999998,0.999998,143086,1451600,Tether,28
18784,USDT,2016-03-08,0.999998,1.0,0.999998,1.0,144215,1451600,Tether,28
18785,USDT,2016-03-09,1.0,1.0,0.999895,0.999895,158280,1451600,Tether,28
18786,USDT,2016-03-10,0.999895,0.999994,0.999895,0.999994,126353,1451450,Tether,28
18787,USDT,2016-03-11,0.999994,0.999995,0.999994,0.999995,92528,1451590,Tether,28
18788,USDT,2016-03-12,0.999995,0.999995,0.999822,0.999895,253278,1451590,Tether,28
18789,USDT,2016-03-13,0.999896,0.999987,0.999896,0.999918,209067,1451450,Tether,28
18790,USDT,2016-03-14,0.999917,0.999994,0.999914,0.999994,369834,1451480,Tether,28
18791,USDT,2016-03-15,0.999994,1.0,0.999994,1.0,72352,1451590,Tether,28
18792,USDT,2016-03-16,1.0,1.0,1.0,1.0,74773,1451600,Tether,28
18793,USDT,2016-03-17,1.0,1.0,0.999934,0.999983,219091,1451600,Tether,28
18794,USDT,2016-03-18,0.999983,0.999998,0.999982,0.999998,326978,1451580,Tether,28
18795,USDT,2016-03-19,0.999998,0.999998,0.999998,0.999998,119685,1451590,Tether,28
18796,USDT,2016-03-20,0.999998,0.999998,0.999998,0.999998,82858,1451590,Tether,28
18797,USDT,2016-03-21,0.999998,0.999999,0.999998,0.999999,188116,1451590,Tether,28
18798,USDT,2016-03-22,0.999999,0.999999,0.999999,0.999999,118249,1451590,Tether,28
18799,USDT,2016-03-23,0.999999,0.999999,0.999999,0.999999,82970,1451590,Tether,28
18800,USDT,2016-03-24,0.999999,0.999999,0.999972,0.999972,108214,1451590,Tether,28
18801,USDT,2016-03-25,0.999973,1.0,0.999973,1.0,32068,1451550,Tether,28
18802,USDT,2016-03-26,1.0,1.0,1.0,1.0,43612,1451590,Tether,28
18803,USDT,2016-03-27,1.0,1.0,1.0,1.0,111330,1451590,Tether,28
18804,USDT,2016-03-28,1.0,1.0,1.0,1.0,112757,1451590,Tether,28
18805,USDT,2016-03-29,1.0,1.0,1.0,1.0,1042210,1451590,Tether,28
18806,USDT,2016-03-30,1.0,1.0,1.0,1.0,204201,1451590,Tether,28
18807,USDT,2016-03-31,1.0,1.0,1.0,1.0,147747,1451590,Tether,28
18808,USDT,2016-04-01,1.0,1.0,1.0,1.0,50033,1451590,Tether,28
18809,USDT,2016-04-02,1.0,1.0,1.0,1.0,103658,1451590,Tether,28
18810,USDT,2016-04-03,1.0,1.0,1.0,1.0,99267,1451590,Tether,28
18811,USDT,2016-04-04,1.0,1.0,1.0,1.0,486533,1451590,Tether,28
18812,USDT,2016-04-05,1.0,1.0,1.0,1.0,115498,1451590,Tether,28
18813,USDT,2016-04-06,1.0,1.0,1.0,1.0,82048,1451590,Tether,28
18814,USDT,2016-04-07,1.0,1.0,1.0,1.0,44185,1451620,Tether,28
18815,USDT,2016-04-08,1.0,1.0,1.0,1.0,441626,1451620,Tether,28
18816,USDT,2016-04-09,1.0,1.0,1.0,1.0,117876,1451590,Tether,28
18817,USDT,2016-04-10,1.0,1.0,1.0,1.0,173469,1451590,Tether,28
18818,USDT,2016-04-11,1.0,1.0,0.999793,0.999861,38497,1451590,Tether,28
18819,USDT,2016-04-12,0.999846,1.0,0.999516,1.0,430502,1451370,Tether,28
18820,USDT,2016-04-13,1.0,1.0,1.0,1.0,173569,1451590,Tether,28
18821,USDT,2016-04-14,1.0,1.0,1.0,1.0,349208,1451590,Tether,28
18822,USDT,2016-04-15,1.0,1.0,1.0,1.0,79197,1451590,Tether,28
18823,USDT,2016-04-16,1.0,1.0,1.0,1.0,66411,1451590,Tether,28
18824,USDT,2016-04-17,1.0,1.0,1.0,1.0,121920,1451590,Tether,28
18825,USDT,2016-04-18,1.0,1.0,1.0,1.0,160979,1451590,Tether,28
18826,USDT,2016-04-19,1.0,1.0,1.0,1.0,116370,1451590,Tether,28
18827,USDT,2016-04-20,1.0,1.0,1.0,1.0,103226,1451590,Tether,28
18828,USDT,2016-04-21,1.0,1.0,1.0,1.0,278840,1451590,Tether,28
18829,USDT,2016-04-22,1.0,1.0,1.0,1.0,143608,1451590,Tether,28
18830,USDT,2016-04-23,1.0,1.0,1.0,1.0,512936,1451590,Tether,28
18831,USDT,2016-04-24,1.0,1.0,1.0,1.0,68016,1451590,Tether,28
18832,USDT,2016-04-25,1.0,1.0,1.0,1.0,298864,1451590,Tether,28
18833,USDT,2016-04-26,1.0,1.0,1.0,1.0,515109,1451590,Tether,28
18834,USDT,2016-04-27,1.0,1.0,1.0,1.0,481952,1451590,Tether,28
18835,USDT,2016-04-28,1.0,1.0,1.0,1.0,544476,1451590,Tether,28
18836,USDT,2016-04-29,1.0,1.0,1.0,1.0,146006,1951590,Tether,28
18837,USDT,2016-04-30,1.0,1.0,1.0,1.0,454278,1951590,Tether,28
18838,USDT,2016-05-01,1.0,1.0,1.0,1.0,49006,1951590,Tether,28
18839,USDT,2016-05-02,1.0,1.0,1.0,1.0,193440,1951590,Tether,28
18840,USDT,2016-05-03,1.0,1.0,1.0,1.0,408428,1951590,Tether,28
18841,USDT,2016-05-04,1.0,1.0,1.0,1.0,215176,1951590,Tether,28
18842,USDT,2016-05-05,1.0,1.0,1.0,1.0,753773,1951590,Tether,28
18843,USDT,2016-05-06,1.0,1.0,1.0,1.0,2747610,1951590,Tether,28
18844,USDT,2016-05-07,1.0,1.0,1.0,1.0,73083,1951590,Tether,28
18845,USDT,2016-05-08,1.0,1.0,1.0,1.0,80059,1951590,Tether,28
18846,USDT,2016-05-09,1.0,1.0,1.0,1.0,324466,1951590,Tether,28
18847,USDT,2016-05-10,1.0,1.0,1.0,1.0,6102180,1951590,Tether,28
18848,USDT,2016-05-11,1.0,1.0,1.0,1.0,270254,1951590,Tether,28
18849,USDT,2016-05-12,1.0,1.0,1.0,1.0,168513,1951590,Tether,28
18850,USDT,2016-05-13,1.0,1.0,1.0,1.0,62149,1951590,Tether,28
18851,USDT,2016-05-14,1.0,1.01,1.0,1.0,61320,1958050,Tether,28
18852,USDT,2016-05-15,1.0,1.0,1.0,1.0,219450,1958460,Tether,28
18853,USDT,2016-05-16,1.0,1.0,1.0,1.0,567230,1951590,Tether,28
18854,USDT,2016-05-17,1.0,1.0,1.0,1.0,178706,1951590,Tether,28
18855,USDT,2016-05-18,1.0,1.0,1.0,1.0,229307,1951590,Tether,28
18856,USDT,2016-05-19,1.0,1.0,1.0,1.0,329926,1951590,Tether,28
18857,USDT,2016-05-20,1.0,1.0,1.0,1.0,261677,1951590,Tether,28
18858,USDT,2016-05-21,1.0,1.0,1.0,1.0,167338,1951590,Tether,28
18859,USDT,2016-05-22,1.0,1.0,1.0,1.0,104196,1951590,Tether,28
18860,USDT,2016-05-23,1.0,1.0,1.0,1.0,190548,1951590,Tether,28
18861,USDT,2016-05-24,1.0,1.0,1.0,1.0,153609,1951590,Tether,28
18862,USDT,2016-05-25,1.0,1.0,1.0,1.0,209870,1951630,Tether,28
18863,USDT,2016-05-26,1.0,1.0,0.999999,1.0,5707670,1951590,Tether,28
18864,USDT,2016-05-27,1.0,1.0,1.0,1.0,707718,1951590,Tether,28
18865,USDT,2016-05-28,1.0,1.0,1.0,1.0,613257,1951590,Tether,28
18866,USDT,2016-05-29,1.0,1.0,1.0,1.0,705697,1951590,Tether,28
18867,USDT,2016-05-30,1.0,1.0,1.0,1.0,422532,1951590,Tether,28
18868,USDT,2016-05-31,1.0,1.0,1.0,1.0,2580270,1951590,Tether,28
18869,USDT,2016-06-01,1.0,1.0,1.0,1.0,1030660,1951590,Tether,28
18870,USDT,2016-06-02,1.0,1.0,1.0,1.0,223416,2951590,Tether,28
18871,USDT,2016-06-03,1.0,1.0,1.0,1.0,2459760,2951590,Tether,28
18872,USDT,2016-06-04,1.0,1.0,1.0,1.0,438311,2951590,Tether,28
18873,USDT,2016-06-05,1.0,1.0,1.0,1.0,139775,2951590,Tether,28
18874,USDT,2016-06-06,1.0,1.0,1.0,1.0,792495,2951590,Tether,28
18875,USDT,2016-06-07,1.0,1.0,1.0,1.0,295779,2951590,Tether,28
18876,USDT,2016-06-08,1.0,1.0,1.0,1.0,155586,2951590,Tether,28
18877,USDT,2016-06-09,1.0,1.0,1.0,1.0,149115,2951590,Tether,28
18878,USDT,2016-06-10,1.0,1.0,1.0,1.0,206234,2951590,Tether,28
18879,USDT,2016-06-11,1.0,1.0,1.0,1.0,134797,2951590,Tether,28
18880,USDT,2016-06-12,1.0,1.0,1.0,1.0,1030810,2951590,Tether,28
18881,USDT,2016-06-13,1.0,1.0,1.0,1.0,1673420,2951590,Tether,28
18882,USDT,2016-06-14,1.0,1.0,1.0,1.0,2479570,2951590,Tether,28
18883,USDT,2016-06-15,1.0,1.0,1.0,1.0,1738970,5951590,Tether,28
18884,USDT,2016-06-16,1.0,1.0,0.999999,0.999999,3547690,5951590,Tether,28
18885,USDT,2016-06-17,0.999999,0.999999,0.999999,0.999999,6105470,5951580,Tether,28
18886,USDT,2016-06-18,0.999999,0.999999,0.999999,0.999999,3759450,5951580,Tether,28
18887,USDT,2016-06-19,0.999999,0.999999,0.999999,0.999999,1377470,5951580,Tether,28
18888,USDT,2016-06-20,0.999999,1.0,0.999999,1.0,2855850,5951580,Tether,28
18889,USDT,2016-06-21,1.0,1.0,1.0,1.0,3652970,5951590,Tether,28
18890,USDT,2016-06-22,1.0,1.0,1.0,1.0,3966370,5951590,Tether,28
18891,USDT,2016-06-23,1.0,1.0,1.0,1.0,2838010,5951590,Tether,28
18892,USDT,2016-06-24,1.0,1.0,1.0,1.0,3067830,5951590,Tether,28
18893,USDT,2016-06-25,1.0,1.0,1.0,1.0,1223680,5951650,Tether,28
18894,USDT,2016-06-26,1.0,1.0,1.0,1.0,798039,5951650,Tether,28
18895,USDT,2016-06-27,1.0,1.0,0.999932,0.999951,576205,5951650,Tether,28
18896,USDT,2016-06-28,0.999953,1.0,0.999953,1.0,2242170,5951310,Tether,28
18897,USDT,2016-06-29,1.0,1.0,1.0,1.0,808151,5951590,Tether,28
18898,USDT,2016-06-30,1.0,1.0,1.0,1.0,1322550,5951590,Tether,28
18899,USDT,2016-07-01,1.0,1.0,1.0,1.0,985150,5951590,Tether,28
18900,USDT,2016-07-02,1.0,1.0,1.0,1.0,561867,5951590,Tether,28
18901,USDT,2016-07-03,1.0,1.0,1.0,1.0,1161670,5951590,Tether,28
18902,USDT,2016-07-04,1.0,1.0,1.0,1.0,1703670,5951590,Tether,28
18903,USDT,2016-07-05,1.0,1.0,1.0,1.0,1405480,5951590,Tether,28
18904,USDT,2016-07-06,1.0,1.0,1.0,1.0,567909,5951590,Tether,28
18905,USDT,2016-07-07,1.0,1.0,0.999989,0.999991,1875330,5951590,Tether,28
18906,USDT,2016-07-08,0.999991,0.999999,0.999989,0.999999,1277010,5951540,Tether,28
18907,USDT,2016-07-09,0.999999,0.999999,0.999999,0.999999,878486,5951580,Tether,28
18908,USDT,2016-07-10,0.999999,0.999999,0.999999,0.999999,284642,5951580,Tether,28
18909,USDT,2016-07-11,0.999999,1.0,0.999999,1.0,651964,5951580,Tether,28
18910,USDT,2016-07-12,1.0,1.0,1.0,1.0,888710,5952540,Tether,28
18911,USDT,2016-07-13,1.0,1.0,1.0,1.0,368649,6951590,Tether,28
18912,USDT,2016-07-14,1.0,1.0,1.0,1.0,640118,6951590,Tether,28
18913,USDT,2016-07-15,1.0,1.0,1.0,1.0,581262,6951590,Tether,28
18914,USDT,2016-07-16,1.0,1.0,1.0,1.0,289175,6951590,Tether,28
18915,USDT,2016-07-17,1.0,1.0,1.0,1.0,333668,6951590,Tether,28
18916,USDT,2016-07-18,1.0,1.0,1.0,1.0,1131710,6951590,Tether,28
18917,USDT,2016-07-19,1.0,1.0,1.0,1.0,798546,6951590,Tether,28
18918,USDT,2016-07-20,1.0,1.0,1.0,1.0,1571990,6951660,Tether,28
18919,USDT,2016-07-21,1.0,1.0,1.0,1.0,313139,6951590,Tether,28
18920,USDT,2016-07-22,1.0,1.0,1.0,1.0,1537170,6951590,Tether,28
18921,USDT,2016-07-23,1.0,1.0,1.0,1.0,618298,6951590,Tether,28
18922,USDT,2016-07-24,1.0,1.0,1.0,1.0,1208880,6951590,Tether,28
18923,USDT,2016-07-25,1.0,1.0,0.999994,0.999999,1425810,6951590,Tether,28
18924,USDT,2016-07-26,0.999999,1.0,0.999999,1.0,1867980,6951580,Tether,28
18925,USDT,2016-07-27,1.0,1.0,1.0,1.0,928283,6951590,Tether,28
18926,USDT,2016-07-28,1.0,1.0,1.0,1.0,1369300,6951590,Tether,28
18927,USDT,2016-07-29,1.0,1.0,1.0,1.0,351932,6951590,Tether,28
18928,USDT,2016-07-30,1.0,1.0,1.0,1.0,158622,6952150,Tether,28
18929,USDT,2016-07-31,1.0,1.0,0.999963,0.999963,893038,6951660,Tether,28
18930,USDT,2016-08-01,0.999962,0.999999,0.999959,0.999999,1944300,6951330,Tether,28
18931,USDT,2016-08-02,0.999999,1.0,0.999995,0.999995,7399410,6951580,Tether,28
18932,USDT,2016-08-03,0.999995,0.999996,0.999995,0.999996,4139570,6951560,Tether,28
18933,USDT,2016-08-04,0.999996,0.999996,0.999996,0.999996,2005600,6951560,Tether,28
18934,USDT,2016-08-05,0.999996,0.999996,0.999833,0.999833,623230,6951560,Tether,28
18935,USDT,2016-08-06,0.999831,0.999831,0.999557,0.999557,879406,6950420,Tether,28
18936,USDT,2016-08-07,0.999557,0.999557,0.999557,0.999557,1205650,6948510,Tether,28
18937,USDT,2016-08-08,0.999557,0.999557,0.999557,0.999557,613117,6948510,Tether,28
18938,USDT,2016-08-09,0.999557,0.999557,0.999557,0.999557,1735260,6948510,Tether,28
18939,USDT,2016-08-10,0.999557,1.0,0.97356,0.97356,1457520,6948510,Tether,28
18940,USDT,2016-08-11,0.973424,0.973424,0.962375,0.962375,1162530,6766850,Tether,28
18941,USDT,2016-08-12,0.962372,0.962372,0.962058,0.962058,912390,6690020,Tether,28
18942,USDT,2016-08-13,0.962058,0.999999,0.962058,0.999999,593801,6687830,Tether,28
18943,USDT,2016-08-14,0.999999,0.999999,0.999999,0.999999,1274390,6951580,Tether,28
18944,USDT,2016-08-15,0.999999,0.999999,0.999999,0.999999,1680290,6951580,Tether,28
18945,USDT,2016-08-16,0.999999,1.0,0.999999,1.0,2197340,6951580,Tether,28
18946,USDT,2016-08-17,1.0,1.0,1.0,1.0,2394770,6951590,Tether,28
18947,USDT,2016-08-18,1.0,1.0,1.0,1.0,849307,6951590,Tether,28
18948,USDT,2016-08-19,1.0,1.0,1.0,1.0,1258110,6951590,Tether,28
18949,USDT,2016-08-20,1.0,1.0,1.0,1.0,603297,6951590,Tether,28
18950,USDT,2016-08-21,1.0,1.0,1.0,1.0,281378,6951590,Tether,28
18951,USDT,2016-08-22,1.0,1.0,1.0,1.0,1041420,6951590,Tether,28
18952,USDT,2016-08-23,1.0,1.0,1.0,1.0,1240630,6951590,Tether,28
18953,USDT,2016-08-24,1.0,1.0,1.0,1.0,546685,6951590,Tether,28
18954,USDT,2016-08-25,1.0,1.0,1.0,1.0,965926,6951590,Tether,28
18955,USDT,2016-08-26,1.0,1.0,1.0,1.0,731230,6951590,Tether,28
18956,USDT,2016-08-27,1.0,1.0,1.0,1.0,555019,6951590,Tether,28
18957,USDT,2016-08-28,1.0,1.0,1.0,1.0,1215110,6951590,Tether,28
18958,USDT,2016-08-29,1.0,1.0,1.0,1.0,1591130,6951590,Tether,28
18959,USDT,2016-08-30,1.0,1.0,1.0,1.0,1062640,6951590,Tether,28
18960,USDT,2016-08-31,1.0,1.0,1.0,1.0,908476,6951590,Tether,28
18961,USDT,2016-09-01,1.0,1.0,1.0,1.0,838378,6951590,Tether,28
18962,USDT,2016-09-02,1.0,1.0,1.0,1.0,1472930,6951590,Tether,28
18963,USDT,2016-09-03,1.0,1.0,1.0,1.0,2641030,6951590,Tether,28
18964,USDT,2016-09-04,1.0,1.0,1.0,1.0,1248710,6951590,Tether,28
18965,USDT,2016-09-05,1.0,1.0,1.0,1.0,1536980,6951590,Tether,28
18966,USDT,2016-09-06,1.0,1.0,1.0,1.0,1149260,6951590,Tether,28
18967,USDT,2016-09-07,1.0,1.0,1.0,1.0,1727020,6951590,Tether,28
18968,USDT,2016-09-08,1.0,1.0,1.0,1.0,960491,6951590,Tether,28
18969,USDT,2016-09-09,1.0,1.0,1.0,1.0,592391,6951590,Tether,28
18970,USDT,2016-09-10,1.0,1.0,1.0,1.0,301128,6951590,Tether,28
18971,USDT,2016-09-11,1.0,1.0,1.0,1.0,968191,6951590,Tether,28
18972,USDT,2016-09-12,1.0,1.0,1.0,1.0,982954,6951590,Tether,28
18973,USDT,2016-09-13,1.0,1.0,1.0,1.0,1503640,6956460,Tether,28
18974,USDT,2016-09-14,1.0,1.0,1.0,1.0,845294,6951660,Tether,28
18975,USDT,2016-09-15,1.0,1.0,0.999993,0.999993,774746,6951590,Tether,28
18976,USDT,2016-09-16,0.999993,0.999999,0.999993,0.999999,719125,6951540,Tether,28
18977,USDT,2016-09-17,0.999999,0.999999,0.999999,0.999999,243461,6951580,Tether,28
18978,USDT,2016-09-18,0.999999,1.0,0.999888,0.999923,579543,6951580,Tether,28
18979,USDT,2016-09-19,0.999923,0.999999,0.999923,0.999999,518342,6951060,Tether,28
18980,USDT,2016-09-20,0.999999,0.999999,0.999999,0.999999,1590290,6951580,Tether,28
18981,USDT,2016-09-21,0.999999,0.999999,0.999987,0.999988,1023360,6951580,Tether,28
18982,USDT,2016-09-22,0.999989,0.999999,0.999989,0.999999,748610,6951510,Tether,28
18983,USDT,2016-09-23,0.999999,0.999999,0.999999,0.999999,907263,6951580,Tether,28
18984,USDT,2016-09-24,0.999999,0.999999,0.999999,0.999999,273642,6951580,Tether,28
18985,USDT,2016-09-25,0.999999,1.0,0.999999,1.0,204381,6951580,Tether,28
18986,USDT,2016-09-26,1.0,1.0,1.0,1.0,479180,6951590,Tether,28
18987,USDT,2016-09-27,1.0,1.0,1.0,1.0,370561,6951590,Tether,28
18988,USDT,2016-09-28,1.0,1.0,1.0,1.0,243485,6951590,Tether,28
18989,USDT,2016-09-29,1.0,1.0,1.0,1.0,289768,6951590,Tether,28
18990,USDT,2016-09-30,1.0,1.0,1.0,1.0,402548,6951590,Tether,28
18991,USDT,2016-10-01,1.0,1.0,1.0,1.0,365091,6951590,Tether,28
18992,USDT,2016-10-02,1.0,1.0,0.999998,0.999998,263174,6951590,Tether,28
18993,USDT,2016-10-03,0.999998,0.999998,0.999997,0.999998,335206,6951580,Tether,28
18994,USDT,2016-10-04,0.999998,1.0,0.999998,1.0,462509,6951580,Tether,28
18995,USDT,2016-10-05,1.0,1.0,1.0,1.0,753062,6951590,Tether,28
18996,USDT,2016-10-06,1.0,1.0,1.0,1.0,406883,6951590,Tether,28
18997,USDT,2016-10-07,1.0,1.0,1.0,1.0,501840,6951590,Tether,28
18998,USDT,2016-10-08,1.0,1.0,1.0,1.0,369612,6951590,Tether,28
18999,USDT,2016-10-09,1.0,1.0,1.0,1.0,254639,6951590,Tether,28
19000,USDT,2016-10-10,1.0,1.0,1.0,1.0,346058,6951590,Tether,28
19001,USDT,2016-10-11,1.0,1.0,1.0,1.0,1153880,6951590,Tether,28
19002,USDT,2016-10-12,1.0,1.0,1.0,1.0,485002,6951590,Tether,28
19003,USDT,2016-10-13,1.0,1.0,1.0,1.0,359664,6951590,Tether,28
19004,USDT,2016-10-14,1.0,1.0,0.999999,0.999999,233907,6951590,Tether,28
19005,USDT,2016-10-15,0.999999,1.0,0.999999,1.0,278547,6951580,Tether,28
19006,USDT,2016-10-16,1.0,1.0,1.0,1.0,292196,6951590,Tether,28
19007,USDT,2016-10-17,1.0,1.0,1.0,1.0,1045550,6951590,Tether,28
19008,USDT,2016-10-18,1.0,1.0,1.0,1.0,321977,6951590,Tether,28
19009,USDT,2016-10-19,1.0,1.0,1.0,1.0,410009,6951590,Tether,28
19010,USDT,2016-10-20,1.0,1.0,1.0,1.0,205344,6951590,Tether,28
19011,USDT,2016-10-21,1.0,1.0,1.0,1.0,185916,6951590,Tether,28
19012,USDT,2016-10-22,1.0,1.0,1.0,1.0,794533,6951590,Tether,28
19013,USDT,2016-10-23,1.0,1.0,1.0,1.0,633006,6951590,Tether,28
19014,USDT,2016-10-24,1.0,1.0,1.0,1.0,274414,6951590,Tether,28
19015,USDT,2016-10-25,1.0,1.0,1.0,1.0,552686,6951590,Tether,28
19016,USDT,2016-10-26,1.0,1.0,1.0,1.0,762026,6951590,Tether,28
19017,USDT,2016-10-27,1.0,1.0,1.0,1.0,747629,6951590,Tether,28
19018,USDT,2016-10-28,1.0,1.0,1.0,1.0,874147,6951590,Tether,28
19019,USDT,2016-10-29,1.0,1.0,1.0,1.0,2077010,6951590,Tether,28
19020,USDT,2016-10-30,1.0,1.0,1.0,1.0,1550060,6951590,Tether,28
19021,USDT,2016-10-31,1.0,1.0,1.0,1.0,1022220,6951590,Tether,28
19022,USDT,2016-11-01,1.0,1.0,1.0,1.0,2244990,6951590,Tether,28
19023,USDT,2016-11-02,1.0,1.0,1.0,1.0,1449000,6951590,Tether,28
19024,USDT,2016-11-03,1.0,1.0,1.0,1.0,2399930,6951590,Tether,28
19025,USDT,2016-11-04,1.0,1.0,1.0,1.0,1256100,6951590,Tether,28
19026,USDT,2016-11-05,1.0,1.0,1.0,1.0,417538,6951590,Tether,28
19027,USDT,2016-11-06,1.0,1.0,1.0,1.0,931269,6951590,Tether,28
19028,USDT,2016-11-07,1.0,1.0,1.0,1.0,589834,6951590,Tether,28
19029,USDT,2016-11-08,1.0,1.0,1.0,1.0,768255,6951590,Tether,28
19030,USDT,2016-11-09,1.0,1.0,1.0,1.0,1916180,6951590,Tether,28
19031,USDT,2016-11-10,1.0,1.0,0.999997,0.999997,481368,6951590,Tether,28
19032,USDT,2016-11-11,0.999997,1.0,0.999997,1.0,661204,6951570,Tether,28
19033,USDT,2016-11-12,1.0,1.0,1.0,1.0,670202,6951590,Tether,28
19034,USDT,2016-11-13,1.0,1.0,1.0,1.0,898023,6951590,Tether,28
19035,USDT,2016-11-14,1.0,1.0,1.0,1.0,389749,6951590,Tether,28
19036,USDT,2016-11-15,1.0,1.0,1.0,1.0,2252560,6951590,Tether,28
19037,USDT,2016-11-16,1.0,1.0,1.0,1.0,1524490,6951590,Tether,28
19038,USDT,2016-11-17,1.0,1.0,1.0,1.0,987757,6951590,Tether,28
19039,USDT,2016-11-18,1.0,1.0,1.0,1.0,566442,6951590,Tether,28
19040,USDT,2016-11-19,1.0,1.0,1.0,1.0,444691,6951590,Tether,28
19041,USDT,2016-11-20,1.0,1.0,1.0,1.0,1149160,6951590,Tether,28
19042,USDT,2016-11-21,1.0,1.0,1.0,1.0,2210850,6951590,Tether,28
19043,USDT,2016-11-22,1.0,1.0,1.0,1.0,996653,6951590,Tether,28
19044,USDT,2016-11-23,1.0,1.0,1.0,1.0,533171,6951590,Tether,28
19045,USDT,2016-11-24,1.0,1.0,1.0,1.0,1157470,6951590,Tether,28
19046,USDT,2016-11-25,1.0,1.0,1.0,1.0,447527,6951590,Tether,28
19047,USDT,2016-11-26,1.0,1.0,1.0,1.0,398097,6951590,Tether,28
19048,USDT,2016-11-27,1.0,1.0,1.0,1.0,369032,6951590,Tether,28
19049,USDT,2016-11-28,1.0,1.0,1.0,1.0,293938,6951590,Tether,28
19050,USDT,2016-11-29,1.0,1.0,1.0,1.0,602186,6951590,Tether,28
19051,USDT,2016-11-30,1.0,1.0,1.0,1.0,517118,6951590,Tether,28
19052,USDT,2016-12-01,1.0,1.0,1.0,1.0,916660,6951590,Tether,28
19053,USDT,2016-12-02,1.0,1.0,1.0,1.0,1548020,6951590,Tether,28
19054,USDT,2016-12-03,1.0,1.0,1.0,1.0,566210,6951590,Tether,28
19055,USDT,2016-12-04,1.0,1.0,0.999974,1.0,338054,6951730,Tether,28
19056,USDT,2016-12-05,1.0,1.0,1.0,1.0,1166450,6952770,Tether,28
19057,USDT,2016-12-06,1.0,1.0,0.999994,1.0,2074660,6951730,Tether,28
19058,USDT,2016-12-07,1.0,1.0,1.0,1.0,677377,6951590,Tether,28
19059,USDT,2016-12-08,1.0,1.0,1.0,1.0,424174,6951590,Tether,28
19060,USDT,2016-12-09,1.0,1.0,1.0,1.0,257304,6951590,Tether,28
19061,USDT,2016-12-10,1.0,1.0,0.999954,1.0,289281,6951590,Tether,28
19062,USDT,2016-12-11,1.0,1.0,1.0,1.0,419496,6951590,Tether,28
19063,USDT,2016-12-12,1.0,1.0,1.0,1.0,735546,6951590,Tether,28
19064,USDT,2016-12-13,1.0,1.0,1.0,1.0,923361,6951590,Tether,28
19065,USDT,2016-12-14,1.0,1.0,1.0,1.0,585908,6951590,Tether,28
19066,USDT,2016-12-15,1.0,1.0,1.0,1.0,388753,6951590,Tether,28
19067,USDT,2016-12-16,1.0,1.0,1.0,1.0,207220,6951590,Tether,28
19068,USDT,2016-12-17,1.0,1.0,1.0,1.0,372542,6951800,Tether,28
19069,USDT,2016-12-18,1.0,1.0,1.0,1.0,430745,6951800,Tether,28
19070,USDT,2016-12-19,1.0,1.0,1.0,1.0,403551,6951660,Tether,28
19071,USDT,2016-12-20,1.0,1.0,1.0,1.0,412630,6951590,Tether,28
19072,USDT,2016-12-21,1.0,1.0,1.0,1.0,821307,6951590,Tether,28
19073,USDT,2016-12-22,1.0,1.0,1.0,1.0,1247890,6951590,Tether,28
19074,USDT,2016-12-23,1.0,1.0,1.0,1.0,2873180,6951590,Tether,28
19075,USDT,2016-12-24,1.0,1.0,1.0,1.0,1808220,6952770,Tether,28
19076,USDT,2016-12-25,1.0,1.0,1.0,1.0,1911330,6951660,Tether,28
19077,USDT,2016-12-26,1.0,1.0,1.0,1.0,1279530,6951660,Tether,28
19078,USDT,2016-12-27,1.0,1.0,1.0,1.0,2108650,6951660,Tether,28
19079,USDT,2016-12-28,1.0,1.0,1.0,1.0,2943940,6951660,Tether,28
19080,USDT,2016-12-29,1.0,1.0,1.0,1.0,2794880,6951870,Tether,28
19081,USDT,2016-12-30,1.0,1.0,1.0,1.0,2515800,6951730,Tether,28
19082,USDT,2016-12-31,1.0,1.0,1.0,1.0,775440,9951790,Tether,28
19083,USDT,2017-01-01,1.0,1.0,1.0,1.0,1946000,9951690,Tether,28
19084,USDT,2017-01-02,1.0,1.0,1.0,1.0,3107780,9951690,Tether,28
19085,USDT,2017-01-03,1.0,1.0,1.0,1.0,3267910,9951690,Tether,28
19086,USDT,2017-01-04,1.0,1.0,1.0,1.0,7463910,9951690,Tether,28
19087,USDT,2017-01-05,1.0,1.0,1.0,1.0,13406600,9951690,Tether,28
19088,USDT,2017-01-06,1.0,1.0,1.0,1.0,7969720,14951700,Tether,28
19089,USDT,2017-01-07,1.0,1.0,1.0,1.0,5932450,14951700,Tether,28
19090,USDT,2017-01-08,1.0,1.0,1.0,1.0,3800480,14951700,Tether,28
19091,USDT,2017-01-09,1.0,1.0,1.0,1.0,2717290,14951700,Tether,28
19092,USDT,2017-01-10,1.0,1.0,1.0,1.0,1379840,14951700,Tether,28
19093,USDT,2017-01-11,1.0,1.0,1.0,1.0,9628470,14951700,Tether,28
19094,USDT,2017-01-12,1.0,1.0,1.0,1.0,5552980,14951700,Tether,28
19095,USDT,2017-01-13,1.0,1.0,1.0,1.0,2739310,14951700,Tether,28
19096,USDT,2017-01-14,1.0,1.0,1.0,1.0,1533240,14951700,Tether,28
19097,USDT,2017-01-15,1.0,1.0,1.0,1.0,1334200,14952000,Tether,28
19098,USDT,2017-01-16,1.0,1.0,1.0,1.0,1223000,14951900,Tether,28
19099,USDT,2017-01-17,1.0,1.0,1.0,1.0,4345620,14951700,Tether,28
19100,USDT,2017-01-18,1.0,1.0,1.0,1.0,3458060,14951700,Tether,28
19101,USDT,2017-01-19,1.0,1.0,1.0,1.0,2241690,14951700,Tether,28
19102,USDT,2017-01-20,1.0,1.0,1.0,1.0,2085240,14951700,Tether,28
19103,USDT,2017-01-21,1.0,1.0,1.0,1.0,2455610,14951700,Tether,28
19104,USDT,2017-01-22,1.0,1.0,1.0,1.0,2629330,14951700,Tether,28
19105,USDT,2017-01-23,1.0,1.0,1.0,1.0,2533860,14951700,Tether,28
19106,USDT,2017-01-24,1.0,1.0,1.0,1.0,3160230,14951700,Tether,28
19107,USDT,2017-01-25,1.0,1.0,1.0,1.0,1565260,14951700,Tether,28
19108,USDT,2017-01-26,1.0,1.0,1.0,1.0,1814250,14951700,Tether,28
19109,USDT,2017-01-27,1.0,1.0,1.0,1.0,1360880,14951700,Tether,28
19110,USDT,2017-01-28,1.0,1.0,1.0,1.0,1560910,14951700,Tether,28
19111,USDT,2017-01-29,1.0,1.0,1.0,1.0,745036,14951700,Tether,28
19112,USDT,2017-01-30,1.0,1.0,0.999994,1.0,681519,14951700,Tether,28
19113,USDT,2017-01-31,1.0,1.0,0.999979,0.999997,2762940,14956400,Tether,28
19114,USDT,2017-02-01,0.999997,0.999999,0.999997,0.999999,3435630,24951500,Tether,28
19115,USDT,2017-02-02,0.999999,0.999999,0.849809,0.999994,3494060,24951600,Tether,28
19116,USDT,2017-02-03,0.999994,0.999998,0.999994,0.999998,2994180,24951400,Tether,28
19117,USDT,2017-02-04,0.999998,0.999999,0.999998,0.999999,2837660,24951500,Tether,28
19118,USDT,2017-02-05,0.999999,0.999999,0.999999,0.999999,2141090,24951600,Tether,28
19119,USDT,2017-02-06,0.999999,0.999999,0.999998,0.999998,1129720,24951600,Tether,28
19120,USDT,2017-02-07,0.999998,0.999999,0.999998,0.999999,2216310,24951500,Tether,28
19121,USDT,2017-02-08,0.999999,0.999999,0.999999,0.999999,3003910,24951000,Tether,28
19122,USDT,2017-02-09,0.999999,0.999999,0.999999,0.999999,8872190,24951000,Tether,28
19123,USDT,2017-02-10,0.999999,0.999999,0.999999,0.999999,3640970,24951000,Tether,28
19124,USDT,2017-02-11,0.999999,0.999999,0.999999,0.999999,1685670,24951000,Tether,28
19125,USDT,2017-02-12,0.999999,0.999999,0.999999,0.999999,1105600,24951000,Tether,28
19126,USDT,2017-02-13,0.999999,1.0,0.999999,1.0,1347810,24951000,Tether,28
19127,USDT,2017-02-14,1.0,1.0,1.0,1.0,2438910,24951000,Tether,28
19128,USDT,2017-02-15,1.0,1.0,1.0,1.0,1654380,24951000,Tether,28
19129,USDT,2017-02-16,1.0,1.0,1.0,1.0,1565660,24995700,Tether,28
19130,USDT,2017-02-17,1.0,1.0,1.0,1.0,2135320,24952200,Tether,28
19131,USDT,2017-02-18,1.0,1.0,1.0,1.0,1404980,24951500,Tether,28
19132,USDT,2017-02-19,1.0,1.0,0.999898,0.999898,1071870,24951200,Tether,28
19133,USDT,2017-02-20,0.999897,1.0,0.999896,0.999997,2550470,24948400,Tether,28
19134,USDT,2017-02-21,0.999997,1.0,0.999641,0.99976,4595170,24950900,Tether,28
19135,USDT,2017-02-22,0.999771,0.999998,0.999145,0.999967,1763290,24945300,Tether,28
19136,USDT,2017-02-23,0.999971,0.999997,0.999906,0.999997,3150010,24950300,Tether,28
19137,USDT,2017-02-24,0.999997,0.999998,0.999997,0.999998,10607500,24950900,Tether,28
19138,USDT,2017-02-25,0.999998,1.0,0.999998,1.0,3747980,24950900,Tether,28
19139,USDT,2017-02-26,1.0,1.0,0.999843,1.0,2280940,24952000,Tether,28
19140,USDT,2017-02-27,1.0,1.0,0.999984,1.0,3063750,24951200,Tether,28
19141,USDT,2017-02-28,1.0,1.0,0.999886,0.99997,5557310,24952700,Tether,28
19142,USDT,2017-03-01,0.999972,1.0,0.999939,0.999998,11999700,24950300,Tether,28
19143,USDT,2017-03-02,0.999999,1.0,0.999999,1.0,14420000,24951000,Tether,28
19144,USDT,2017-03-03,1.0,1.0,1.0,1.0,12268600,24951000,Tether,28
19145,USDT,2017-03-04,1.0,1.0,0.999998,1.0,6427490,24951000,Tether,28
19146,USDT,2017-03-05,1.0,1.0,1.0,1.0,6111390,24951200,Tether,28
19147,USDT,2017-03-06,1.0,1.0,1.0,1.0,4261790,24951200,Tether,28
19148,USDT,2017-03-07,1.0,1.0,1.0,1.0,10782500,24951900,Tether,28
19149,USDT,2017-03-08,1.0,1.0,1.0,1.0,11995300,34951100,Tether,28
19150,USDT,2017-03-09,1.0,1.0,0.999876,0.999906,9560830,34950700,Tether,28
19151,USDT,2017-03-10,0.999905,1.0,0.999875,0.99999,26308800,34947100,Tether,28
19152,USDT,2017-03-11,0.999991,1.0,0.999991,1.0,15269400,34950100,Tether,28
19153,USDT,2017-03-12,1.0,1.0,1.0,1.0,13039200,34951800,Tether,28
19154,USDT,2017-03-13,1.0,1.0,0.999995,1.0,25101200,34953200,Tether,28
19155,USDT,2017-03-14,1.0,1.0,1.0,1.0,13773800,34951800,Tether,28
19156,USDT,2017-03-15,1.0,1.0,1.0,1.0,20476500,34951100,Tether,28
19157,USDT,2017-03-16,1.0,1.0,1.0,1.0,39496700,34950700,Tether,28
19158,USDT,2017-03-17,1.0,1.0,1.0,1.0,46381300,34951400,Tether,28
19159,USDT,2017-03-18,1.0,1.0,0.999937,1.0,49039900,44952200,Tether,28
19160,USDT,2017-03-19,1.0,1.0,0.99997,1.0,33106500,44952200,Tether,28
19161,USDT,2017-03-20,1.0,1.0,1.0,1.0,16075100,44953100,Tether,28
19162,USDT,2017-03-21,1.0,1.0,0.999986,1.0,21556400,44959900,Tether,28
19163,USDT,2017-03-22,1.0,1.0,1.0,1.0,22713300,44952200,Tether,28
19164,USDT,2017-03-23,1.0,1.0,1.0,1.0,12763900,44952700,Tether,28
19165,USDT,2017-03-24,1.0,1.0,0.999893,0.999896,33351200,44954000,Tether,28
19166,USDT,2017-03-25,0.999898,1.0,0.999869,0.999916,28141600,44946300,Tether,28
19167,USDT,2017-03-26,0.999915,1.0,0.999915,1.0,16614300,44947000,Tether,28
19168,USDT,2017-03-27,1.0,1.0,1.0,1.0,19270700,44951300,Tether,28
19169,USDT,2017-03-28,1.0,1.0,1.0,1.0,15602800,44951300,Tether,28
19170,USDT,2017-03-29,1.0,1.0,0.999831,0.999947,16816300,44951300,Tether,28
19171,USDT,2017-03-30,0.999948,1.0,0.999864,0.999986,25009900,54948000,Tether,28
19172,USDT,2017-03-31,0.999985,1.0,0.999918,1.0,34115800,54950000,Tether,28
19173,USDT,2017-04-01,1.0,1.0,0.997387,0.999586,15118800,54952000,Tether,28
19174,USDT,2017-04-02,0.999582,1.0,0.999245,1.0,45911500,54927900,Tether,28
19175,USDT,2017-04-03,1.0,1.0,0.999122,0.999752,42028500,55003100,Tether,28
19176,USDT,2017-04-04,0.999771,1.0,0.999694,1.0,26434800,54938300,Tether,28
19177,USDT,2017-04-05,1.0,1.0,0.999953,1.0,26734200,54952500,Tether,28
19178,USDT,2017-04-06,1.0,1.0,0.999939,0.999939,33731600,54957500,Tether,28
19179,USDT,2017-04-07,0.999937,0.999965,0.999781,0.999873,21336300,54947400,Tether,28
19180,USDT,2017-04-08,0.999874,0.999958,0.998663,0.999716,14282200,54943900,Tether,28
19181,USDT,2017-04-09,0.999714,0.999967,0.99795,0.99996,18951900,54935200,Tether,28
19182,USDT,2017-04-10,0.99996,0.999985,0.999591,0.999931,12279500,54948700,Tether,28
19183,USDT,2017-04-11,0.999934,0.999937,0.99953,0.999843,12213800,54947200,Tether,28
19184,USDT,2017-04-12,0.999842,0.999934,0.999562,0.999562,20964000,54942200,Tether,28
19185,USDT,2017-04-13,0.999558,0.999731,0.999306,0.999612,24018200,50721300,Tether,28
19186,USDT,2017-04-14,0.999618,0.999755,0.998664,0.998986,14768200,50724400,Tether,28
19187,USDT,2017-04-15,0.999031,0.999949,0.999,0.999939,14030700,50694600,Tether,28
19188,USDT,2017-04-16,0.999939,0.999946,0.999458,0.999458,7208670,50740700,Tether,28
19189,USDT,2017-04-17,0.999435,0.999498,0.997826,0.999288,17280800,50715100,Tether,28
19190,USDT,2017-04-18,0.999294,0.999793,0.999294,0.999616,26367700,50707900,Tether,28
19191,USDT,2017-04-19,0.999617,0.999622,0.999175,0.999523,18244800,60720500,Tether,28
19192,USDT,2017-04-20,0.999525,0.999691,0.99783,0.998275,20548000,54798700,Tether,28
19193,USDT,2017-04-21,0.998269,0.998269,0.984169,0.984169,15935100,54688500,Tether,28
19194,USDT,2017-04-22,0.984,0.984,0.940929,0.940929,14711900,53866300,Tether,28
19195,USDT,2017-04-23,0.940741,0.940741,0.921333,0.921333,17298600,51488800,Tether,28
19196,USDT,2017-04-24,0.921308,0.921308,0.91789,0.91789,15265400,50423200,Tether,28
19197,USDT,2017-04-25,0.917876,0.917876,0.913595,0.913595,12707000,50230200,Tether,28
19198,USDT,2017-04-26,0.913539,0.92105,0.913539,0.92105,18772400,59154900,Tether,28
19199,USDT,2017-04-27,0.921049,0.924415,0.921046,0.924351,24062800,57277700,Tether,28
19200,USDT,2017-04-28,0.924343,0.934542,0.924335,0.934542,26494600,57450300,Tether,28
19201,USDT,2017-04-29,0.934557,0.937409,0.934557,0.937193,26533600,58065900,Tether,28
19202,USDT,2017-04-30,0.937189,0.937196,0.935584,0.936854,23739900,59055700,Tether,28
19203,USDT,2017-05-01,0.936855,0.937218,0.935871,0.935871,44582500,59034000,Tether,28
19204,USDT,2017-05-02,0.935857,0.935857,0.932468,0.932607,22268100,58977000,Tether,28
19205,USDT,2017-05-03,0.932612,0.93393,0.932392,0.933351,33500300,58811700,Tether,28
19206,USDT,2017-05-04,0.933356,0.945931,0.933356,0.945931,56022400,57343000,Tether,28
19207,USDT,2017-05-05,0.945975,0.955601,0.945975,0.955601,69583300,59031900,Tether,28
19208,USDT,2017-05-06,0.955667,0.968619,0.955667,0.968619,44047300,59636700,Tether,28
19209,USDT,2017-05-07,0.968638,0.969836,0.968638,0.96899,72995500,60446200,Tether,28
19210,USDT,2017-05-08,0.968962,0.968962,0.967203,0.96726,85211500,60466400,Tether,28
19211,USDT,2017-05-09,0.967255,0.970504,0.967255,0.970487,62186400,60360500,Tether,28
19212,USDT,2017-05-10,0.970483,0.99012,0.970483,0.982,45884200,60558100,Tether,28
19213,USDT,2017-05-11,0.97982,0.995306,0.965893,0.983721,46800700,61137000,Tether,28
19214,USDT,2017-05-12,0.975099,0.998678,0.96065,0.97607,42850000,60842400,Tether,28
19215,USDT,2017-05-13,0.981353,0.98852,0.963115,0.973648,28873700,61232700,Tether,28
19216,USDT,2017-05-14,0.972775,0.99373,0.970647,0.981106,23922200,60697400,Tether,28
19217,USDT,2017-05-15,0.980577,0.992408,0.967298,0.967298,37380700,61184200,Tether,28
19218,USDT,2017-05-16,0.970698,0.98672,0.95661,0.958591,53097800,60565400,Tether,28
19219,USDT,2017-05-17,0.952963,0.987525,0.919398,0.970429,60057700,59461300,Tether,28
19220,USDT,2017-05-18,0.961148,0.980207,0.950662,0.967143,44705600,59972000,Tether,28
19221,USDT,2017-05-19,0.967244,1.0,0.962212,1.0,53721400,60352400,Tether,28
19222,USDT,2017-05-20,0.998833,1.01,0.982135,0.993431,42299800,62321400,Tether,28
19223,USDT,2017-05-21,0.992749,1.0,0.986412,1.0,46162600,61940800,Tether,28
19224,USDT,2017-05-22,1.0,1.04,0.983247,1.01,79739900,62677500,Tether,28
19225,USDT,2017-05-23,1.01,1.03,1.0,1.01,59043000,63297800,Tether,28
19226,USDT,2017-05-24,1.01,1.05,0.998946,1.02,87804800,64798700,Tether,28
19227,USDT,2017-05-25,1.02,1.1,1.0,1.04,144036000,69488600,Tether,28
19228,USDT,2017-05-26,1.02,1.1,1.01,1.04,125946000,69907900,Tether,28
19229,USDT,2017-05-27,1.05,1.21,1.0,1.02,186683000,99512500,Tether,28
19230,USDT,2017-05-28,1.02,1.11,1.02,1.04,110026000,107331000,Tether,28
19231,USDT,2017-05-29,1.04,1.05,1.01,1.02,80508900,109529000,Tether,28
19232,USDT,2017-05-30,1.02,1.04,1.0,1.01,108331000,107170000,Tether,28
19233,USDT,2017-05-31,1.01,1.06,1.01,1.04,84739900,106342000,Tether,28
19234,USDT,2017-06-01,1.04,1.05,1.02,1.03,100614000,108739000,Tether,28
19235,USDT,2017-06-02,1.03,1.05,1.02,1.02,49197100,108350000,Tether,28
19236,USDT,2017-06-03,1.03,1.04,1.02,1.02,43629000,107827000,Tether,28
19237,USDT,2017-06-04,1.02,1.03,1.01,1.01,49194800,107470000,Tether,28
19238,USDT,2017-06-05,1.01,1.03,1.01,1.02,49132500,106012000,Tether,28
19239,USDT,2017-06-06,1.02,1.04,0.995467,1.0,152408000,106682000,Tether,28
19240,USDT,2017-06-07,1.0,1.03,0.996593,1.01,97386100,105220000,Tether,28
19241,USDT,2017-06-08,1.02,1.03,1.0,1.0,65560000,106791000,Tether,28
19242,USDT,2017-06-09,1.0,1.01,0.998157,1.0,58031200,127906000,Tether,28
19243,USDT,2017-06-10,0.999158,1.03,0.99831,1.02,80163300,127386000,Tether,28
19244,USDT,2017-06-11,1.02,1.03,0.996783,1.01,84910500,130666000,Tether,28
19245,USDT,2017-06-12,1.01,1.09,1.0,1.02,211119000,128293000,Tether,28
19246,USDT,2017-06-13,1.03,1.04,1.0,1.01,105293000,131201000,Tether,28
19247,USDT,2017-06-14,1.01,1.06,1.01,1.03,139975000,128630000,Tether,28
19248,USDT,2017-06-15,1.03,1.06,0.995499,1.02,243107000,131306000,Tether,28
19249,USDT,2017-06-16,1.01,1.05,1.01,1.02,109032000,129124000,Tether,28
19250,USDT,2017-06-17,1.02,1.03,0.978804,0.988584,104554000,130158000,Tether,28
19251,USDT,2017-06-18,0.988674,1.04,0.976657,1.0,114519000,126050000,Tether,28
19252,USDT,2017-06-19,1.0,1.01,0.982742,0.986406,75733700,127821000,Tether,28
19253,USDT,2017-06-20,0.986156,0.990411,0.956381,0.975272,88767300,125729000,Tether,28
19254,USDT,2017-06-21,0.975087,0.997024,0.951189,0.981361,108254000,141089000,Tether,28
19255,USDT,2017-06-22,0.981174,0.995994,0.967955,0.972902,63105300,141970000,Tether,28
19256,USDT,2017-06-23,0.972496,1.01,0.969362,1.01,41182300,140714000,Tether,28
19257,USDT,2017-06-24,1.01,1.04,1.0,1.02,79286600,145582000,Tether,28
19258,USDT,2017-06-25,1.02,1.04,0.998245,1.01,102005000,147510000,Tether,28
19259,USDT,2017-06-26,1.01,1.06,0.970667,1.01,195886000,146480000,Tether,28
19260,USDT,2017-06-27,1.01,1.06,0.988021,1.01,171805000,146156000,Tether,28
19261,USDT,2017-06-28,1.01,1.04,0.995934,1.01,128750000,146267000,Tether,28
19262,USDT,2017-06-29,1.01,1.04,1.0,1.02,101103000,146484000,Tether,28
19263,USDT,2017-06-30,1.02,1.02,0.997355,1.01,72550400,218616000,Tether,28
19264,USDT,2017-07-01,1.01,1.04,1.01,1.02,82133800,217215000,Tether,28
19265,USDT,2017-07-02,1.02,1.03,1.01,1.02,76519200,219180000,Tether,28
19266,USDT,2017-07-03,1.01,1.02,0.992834,1.0,87514200,223017000,Tether,28
19267,USDT,2017-07-04,0.999601,1.01,0.987214,0.998828,87707900,219893000,Tether,28
19268,USDT,2017-07-05,1.0,1.02,0.994445,0.99646,66727600,220126000,Tether,28
19269,USDT,2017-07-06,0.995936,1.01,0.995936,1.0,44331000,219087000,Tether,28
19270,USDT,2017-07-07,1.0,1.02,1.0,1.01,84663200,220509000,Tether,28
19271,USDT,2017-07-08,1.01,1.02,0.997497,0.999725,62607300,221837000,Tether,28
19272,USDT,2017-07-09,0.999601,1.01,0.998527,1.01,45640800,219894000,Tether,28
19273,USDT,2017-07-10,1.01,1.02,0.991515,1.01,132682000,221114000,Tether,28
19274,USDT,2017-07-11,1.02,1.04,0.998774,1.01,173424000,239198000,Tether,28
19275,USDT,2017-07-12,1.01,1.02,0.99549,0.997456,131420000,260929000,Tether,28
19276,USDT,2017-07-13,0.999669,1.02,0.99941,1.0,104236000,268892000,Tether,28
19277,USDT,2017-07-14,1.0,1.01,0.994217,1.0,93146700,289635000,Tether,28
19278,USDT,2017-07-15,1.0,1.02,0.988486,1.0,125229000,290061000,Tether,28
19279,USDT,2017-07-16,1.0,1.02,0.969665,0.999161,177914000,295162000,Tether,28
19280,USDT,2017-07-17,0.988208,1.01,0.98397,0.996888,171476000,291009000,Tether,28
19281,USDT,2017-07-18,0.995021,1.02,0.982123,0.998216,238396000,293035000,Tether,28
19282,USDT,2017-07-19,1.0,1.03,0.980136,1.0,199312000,309942000,Tether,28
19283,USDT,2017-07-20,0.99098,1.02,0.976702,0.986866,278994000,306710000,Tether,28
19284,USDT,2017-07-21,0.998636,1.02,0.984893,0.997202,168919000,319065000,Tether,28
19285,USDT,2017-07-22,0.999612,1.0,0.986424,0.9932,131558000,319377000,Tether,28
19286,USDT,2017-07-23,0.994773,1.01,0.990375,0.997761,114229000,317831000,Tether,28
19287,USDT,2017-07-24,0.999919,1.0,0.988839,0.993997,75766900,319475000,Tether,28
19288,USDT,2017-07-25,0.994284,1.02,0.984754,0.999802,220992000,317675000,Tether,28
19289,USDT,2017-07-26,0.998645,1.01,0.989915,0.996955,111957000,319068000,Tether,28
19290,USDT,2017-07-27,0.998839,1.01,0.991769,0.997275,79850000,319130000,Tether,28
19291,USDT,2017-07-28,0.99606,1.01,0.990485,1.0,116290000,318242000,Tether,28
19292,USDT,2017-07-29,0.999755,1.01,0.993449,0.996619,73768300,319423000,Tether,28
19293,USDT,2017-07-30,0.996776,1.0,0.991188,0.998868,60213000,318471000,Tether,28
19294,USDT,2017-07-31,1.0,1.01,0.995719,1.0,75184900,319512000,Tether,28
19295,USDT,2017-08-01,1.0,1.02,0.988123,0.996819,170045000,320388000,Tether,28
19296,USDT,2017-08-02,0.996581,1.01,0.985239,1.0,84592700,318409000,Tether,28
19297,USDT,2017-08-03,1.0,1.01,0.955404,0.969304,57242700,320322000,Tether,28
19298,USDT,2017-08-04,0.968452,1.01,0.966326,1.0,59432500,309422000,Tether,28
19299,USDT,2017-08-05,1.0,1.03,0.991505,0.998314,173138000,320940000,Tether,28
19300,USDT,2017-08-06,1.0,1.01,0.993119,1.0,103532000,320093000,Tether,28
19301,USDT,2017-08-07,0.999468,1.01,0.990056,0.996254,110170000,319331000,Tether,28
19302,USDT,2017-08-08,0.99422,1.01,0.989566,1.0,130482000,317655000,Tether,28
19303,USDT,2017-08-09,0.999236,1.01,0.993707,1.0,140569000,319257000,Tether,28
19304,USDT,2017-08-10,0.998799,1.01,0.988217,0.992991,91695000,319118000,Tether,28
19305,USDT,2017-08-11,0.996635,1.01,0.988428,1.0,111829000,318426000,Tether,28
19306,USDT,2017-08-12,1.0,1.01,0.995213,1.0,130896000,319785000,Tether,28
19307,USDT,2017-08-13,1.0,1.02,0.980414,0.998616,198569000,319661000,Tether,28
19308,USDT,2017-08-14,0.995682,1.01,0.990626,0.998163,125445000,318122000,Tether,28
19309,USDT,2017-08-15,1.0,1.02,0.994513,1.0,213099000,319617000,Tether,28
19310,USDT,2017-08-16,0.998963,1.01,0.991915,1.0,121473000,319170000,Tether,28
19311,USDT,2017-08-17,1.0,1.01,0.98907,1.01,166152000,319712000,Tether,28
19312,USDT,2017-08-18,1.01,1.03,0.984905,1.01,255272000,322035000,Tether,28
19313,USDT,2017-08-19,1.01,1.04,0.980183,1.0,281633000,322030000,Tether,28
19314,USDT,2017-08-20,0.997167,1.02,0.983909,0.996629,133754000,318596000,Tether,28
19315,USDT,2017-08-21,0.999538,1.01,0.990459,0.999263,208830000,319354000,Tether,28
19316,USDT,2017-08-22,1.0,1.02,0.990916,1.01,241915000,319888000,Tether,28
19317,USDT,2017-08-23,1.0,1.01,0.991684,1.0,195159000,320872000,Tether,28
19318,USDT,2017-08-24,0.999332,1.01,0.990714,1.0,132330000,319288000,Tether,28
19319,USDT,2017-08-25,1.0,1.02,0.998112,1.0,116308000,321015000,Tether,28
19320,USDT,2017-08-26,1.0,1.01,0.995768,0.998932,98081300,320776000,Tether,28
19321,USDT,2017-08-27,1.0,1.01,0.99709,1.0,104722000,319543000,Tether,28
19322,USDT,2017-08-28,1.0,1.01,0.995565,1.0,130785000,320279000,Tether,28
19323,USDT,2017-08-29,1.0,1.02,0.99569,1.0,132123000,320307000,Tether,28
19324,USDT,2017-08-30,1.0,1.01,0.996119,1.0,114992000,320041000,Tether,28
19325,USDT,2017-08-31,1.0,1.01,0.999514,1.0,109217000,319518000,Tether,28
19326,USDT,2017-09-01,1.0,1.01,1.0,1.0,199664000,320792000,Tether,28
19327,USDT,2017-09-02,1.0,1.04,0.998739,1.02,345971000,320966000,Tether,28
19328,USDT,2017-09-03,1.01,1.03,0.99962,1.0,188687000,348836000,Tether,28
19329,USDT,2017-09-04,1.0,1.05,0.997741,1.03,375473000,364943000,Tether,28
19330,USDT,2017-09-05,1.03,1.04,0.999893,1.0,271614000,379945000,Tether,28
19331,USDT,2017-09-06,1.01,1.05,1.0,1.01,192689000,387469000,Tether,28
19332,USDT,2017-09-07,1.0,1.01,0.99577,1.0,166453000,386679000,Tether,28
19333,USDT,2017-09-08,1.0,1.05,0.997327,1.01,319590000,394388000,Tether,28
19334,USDT,2017-09-09,1.01,1.01,0.99837,1.0,119580000,398820000,Tether,28
19335,USDT,2017-09-10,1.0,1.02,0.99618,1.01,163773000,405082000,Tether,28
19336,USDT,2017-09-11,1.0,1.02,0.990974,1.0,125845000,405355000,Tether,28
19337,USDT,2017-09-12,1.0,1.02,0.996226,1.01,162774000,404210000,Tether,28
19338,USDT,2017-09-13,1.0,1.02,0.991963,1.0,257404000,404358000,Tether,28
19339,USDT,2017-09-14,1.0,1.03,0.979949,1.0,356495000,414813000,Tether,28
19340,USDT,2017-09-15,1.0,1.03,0.966404,1.01,540295000,420283000,Tether,28
19341,USDT,2017-09-16,1.0,1.04,0.99121,1.0,233445000,443607000,Tether,28
19342,USDT,2017-09-17,1.01,1.01,0.992028,1.01,119083000,445726000,Tether,28
19343,USDT,2017-09-18,1.0,1.01,0.992399,1.0,214648000,443461000,Tether,28
19344,USDT,2017-09-19,1.0,1.01,0.995487,1.0,163298000,443240000,Tether,28
19345,USDT,2017-09-20,1.0,1.0,0.988993,1.0,137763000,444392000,Tether,28
19346,USDT,2017-09-21,0.997446,1.02,0.994434,1.0,231706000,441351000,Tether,28
19347,USDT,2017-09-22,1.01,1.01,0.998901,1.0,164432000,444763000,Tether,28
19348,USDT,2017-09-23,1.0,1.01,0.997654,1.0,118296000,442840000,Tether,28
19349,USDT,2017-09-24,1.0,1.01,0.9991,1.0,91337900,443272000,Tether,28
19350,USDT,2017-09-25,1.0,1.01,0.984388,1.0,160337000,443879000,Tether,28
19351,USDT,2017-09-26,1.0,1.01,0.995946,1.0,103839000,442851000,Tether,28
19352,USDT,2017-09-27,1.0,1.0,0.991286,1.0,201224000,427609000,Tether,28
19353,USDT,2017-09-28,1.0,1.01,0.995264,1.0,232499000,427100000,Tether,28
19354,USDT,2017-09-29,0.998357,1.02,0.994503,0.999863,205406000,426360000,Tether,28
19355,USDT,2017-09-30,1.0,1.0,0.993904,0.996488,117411000,437244000,Tether,28
19356,USDT,2017-10-01,0.997266,1.0,0.994993,0.999924,103007000,435867000,Tether,28
19357,USDT,2017-10-02,0.998088,1.0,0.995807,1.0,126009000,436226000,Tether,28
19358,USDT,2017-10-03,1.0,1.01,0.9988,1.0,137567000,437885000,Tether,28
19359,USDT,2017-10-04,1.0,1.01,0.997725,1.0,114903000,437896000,Tether,28
19360,USDT,2017-10-05,1.0,1.01,0.996433,1.0,119952000,437179000,Tether,28
19361,USDT,2017-10-06,1.0,1.01,0.998001,1.0,92153700,437245000,Tether,28
19362,USDT,2017-10-07,0.999588,1.0,0.992831,0.99932,89544100,436882000,Tether,28
19363,USDT,2017-10-08,0.99811,1.0,0.99533,0.998442,123005000,436235000,Tether,28
19364,USDT,2017-10-09,0.998897,1.01,0.994415,0.99978,178567000,436579000,Tether,28
19365,USDT,2017-10-10,1.0,1.0,0.996522,0.999441,137687000,437230000,Tether,28
19366,USDT,2017-10-11,0.997962,1.0,0.997106,0.998625,85384600,436171000,Tether,28
19367,USDT,2017-10-12,0.999843,1.0,0.990707,0.997423,216202000,436993000,Tether,28
19368,USDT,2017-10-13,1.0,1.02,0.992697,1.0,319485000,437101000,Tether,28
19369,USDT,2017-10-14,1.0,1.0,0.995903,0.999709,139468000,437279000,Tether,28
19370,USDT,2017-10-15,1.0,1.01,0.992759,0.999242,209190000,437237000,Tether,28
19371,USDT,2017-10-16,0.998,1.01,0.98402,0.99801,204158000,436187000,Tether,28
19372,USDT,2017-10-17,0.998252,1.02,0.981165,0.999335,216808000,436298000,Tether,28
19373,USDT,2017-10-18,0.998946,1.01,0.991487,1.0,253904000,436601000,Tether,28
19374,USDT,2017-10-19,1.0,1.01,0.996,1.0,150674000,438120000,Tether,28
19375,USDT,2017-10-20,1.0,1.01,0.997444,1.0,185163000,437496000,Tether,28
19376,USDT,2017-10-21,1.0,1.01,0.992774,1.0,171818000,437391000,Tether,28
19377,USDT,2017-10-22,0.99992,1.01,0.996909,1.0,166215000,437026000,Tether,28
19378,USDT,2017-10-23,1.0,1.01,0.993556,0.996536,203487000,437656000,Tether,28
19379,USDT,2017-10-24,0.994611,1.02,0.985114,1.0,257372000,434706000,Tether,28
19380,USDT,2017-10-25,1.0,1.01,0.995853,1.0,171433000,438042000,Tether,28
19381,USDT,2017-10-26,1.0,1.01,0.997739,0.999868,162258000,438063000,Tether,28
19382,USDT,2017-10-27,0.999916,1.01,0.996415,1.0,144634000,437025000,Tether,28
19383,USDT,2017-10-28,0.999838,1.01,0.998318,1.0,120414000,436991000,Tether,28
19384,USDT,2017-10-29,1.0,1.01,0.991302,1.0,618257000,438160000,Tether,28
19385,USDT,2017-10-30,1.0,1.0,0.994665,1.0,169425000,452540000,Tether,28
19386,USDT,2017-10-31,0.998327,1.0,0.996871,1.0,184182000,451305000,Tether,28
19387,USDT,2017-11-01,1.0,1.0,0.995643,1.0,246324000,452561000,Tether,28
19388,USDT,2017-11-02,0.999853,1.04,0.996339,1.0,425130000,451995000,Tether,28
19389,USDT,2017-11-03,0.999063,1.01,0.996363,1.01,358886000,451638000,Tether,28
19390,USDT,2017-11-04,1.0,1.01,0.994864,1.0,285312000,489255000,Tether,28
19391,USDT,2017-11-05,1.0,1.01,0.995977,0.9988,234616000,494444000,Tether,28
19392,USDT,2017-11-06,1.0,1.01,0.993269,1.0,308963000,495238000,Tether,28
19393,USDT,2017-11-07,0.999882,1.01,0.997083,1.01,255133000,494003000,Tether,28
19394,USDT,2017-11-08,1.0,1.04,0.994842,1.01,526849000,516370000,Tether,28
19395,USDT,2017-11-09,1.01,1.01,0.996515,1.01,358188000,499434000,Tether,28
19396,USDT,2017-11-10,1.01,1.02,0.995486,1.01,756446000,537534000,Tether,28
19397,USDT,2017-11-11,1.01,1.03,0.995799,1.01,746228000,567436000,Tether,28
19398,USDT,2017-11-12,1.01,1.11,0.967601,1.01,1466060000,597638000,Tether,28
19399,USDT,2017-11-13,1.0,1.03,0.975103,1.01,767884000,596722000,Tether,28
19400,USDT,2017-11-14,1.01,1.01,0.996898,1.01,429858000,597132000,Tether,28
19401,USDT,2017-11-15,1.0,1.01,1.0,1.0,449671000,596738000,Tether,28
19402,USDT,2017-11-16,1.01,1.01,0.993232,1.0,650279000,597473000,Tether,28
19403,USDT,2017-11-17,0.995758,1.01,0.995758,1.0,639398000,611413000,Tether,28
19404,USDT,2017-11-18,1.0,1.01,0.99634,1.0,588136000,644435000,Tether,28
19405,USDT,2017-11-19,1.0,1.01,0.996693,1.0,485753000,645545000,Tether,28
19406,USDT,2017-11-20,1.0,1.0,0.996538,1.0,449595000,675897000,Tether,28
19407,USDT,2017-11-21,1.0,1.01,0.988572,0.996047,622649000,677308000,Tether,28
19408,USDT,2017-11-22,0.997427,1.0,0.992789,1.0,499812000,673230000,Tether,28
19409,USDT,2017-11-23,0.998658,1.01,0.992239,0.994631,735883000,674061000,Tether,28
19410,USDT,2017-11-24,1.0,1.01,0.988004,1.0,848628000,677758000,Tether,28
19411,USDT,2017-11-25,1.0,1.01,0.995076,1.01,651988000,676530000,Tether,28
19412,USDT,2017-11-26,1.0,1.02,1.0,1.01,636452000,677815000,Tether,28
19413,USDT,2017-11-27,1.01,1.02,0.998126,1.0,784437000,679525000,Tether,28
19414,USDT,2017-11-28,1.0,1.01,0.996048,1.0,794764000,676908000,Tether,28
19415,USDT,2017-11-29,1.0,1.05,0.955618,0.990606,1672120000,675058000,Tether,28
19416,USDT,2017-11-30,1.0,1.03,0.989319,1.01,1043970000,741868000,Tether,28
19417,USDT,2017-12-01,1.01,1.02,0.993043,1.01,749396000,769516000,Tether,28
19418,USDT,2017-12-02,1.01,1.02,0.995611,0.999654,679950000,770858000,Tether,28
19419,USDT,2017-12-03,1.0,1.03,0.98532,1.0,946749000,814847000,Tether,28
19420,USDT,2017-12-04,1.0,1.01,0.992132,1.0,668510000,816012000,Tether,28
19421,USDT,2017-12-05,1.0,1.01,0.996458,1.0,814146000,816872000,Tether,28
19422,USDT,2017-12-06,0.99976,1.02,0.99584,1.01,1281490000,813822000,Tether,28
19423,USDT,2017-12-07,1.01,1.08,1.0,1.03,1671610000,819775000,Tether,28
19424,USDT,2017-12-08,1.04,1.06,0.986563,1.02,1993030000,843587000,Tether,28
19425,USDT,2017-12-09,1.02,1.05,0.99356,1.02,1598910000,830771000,Tether,28
19426,USDT,2017-12-10,1.02,1.04,0.971536,1.02,1649500000,831978000,Tether,28
19427,USDT,2017-12-11,1.01,1.03,0.99995,1.02,1542120000,824373000,Tether,28
19428,USDT,2017-12-12,1.02,1.08,1.0,1.08,2240840000,854806000,Tether,28
19429,USDT,2017-12-13,1.08,1.09,1.02,1.03,2198140000,906935000,Tether,28
19430,USDT,2017-12-14,1.03,1.05,1.01,1.01,2336180000,912768000,Tether,28
19431,USDT,2017-12-15,1.01,1.02,0.995525,1.02,2044500000,1029020000,Tether,28
19432,USDT,2017-12-16,1.02,1.02,1.0,1.01,1592730000,1036710000,Tether,28
19433,USDT,2017-12-17,1.01,1.02,1.0,1.01,1931020000,1132150000,Tether,28
19434,USDT,2017-12-18,1.01,1.02,0.99574,1.01,2517230000,1130790000,Tether,28
